"","CODE","LAT","LONG","POPULATION"
"1","A0A",47.505914,-53.1044021234568,46297
"2","A0B",47.5377683174603,-53.6329165238095,20985
"3","A0C",48.4112726216216,-53.7613184054054,12834
"4","A0E",47.4459930851064,-54.9299550212766,23384
"5","A0G",49.1816562179487,-54.3617198589744,36264
"6","A0H",48.2635369333333,-55.8353502666667,18499
"7","A0J",49.4689521666667,-55.7691117777778,8093
"8","A0K",50.5414990952381,-56.6070928190476,27835
"9","A0L",49.1251448235294,-57.8201246470588,7412
"10","A0M",47.7601,-58.2858895333333,6318
"11","A0N",48.170959969697,-58.5681562424242,14679
"12","A0P",54.3365643125,-60.2107011875,13021
"13","A0R",53.5614922,-66.3702346,2495
"14","A1A",47.5958863296703,-52.7103506673327,29505
"15","A1B",47.5696589103535,-52.7428694482323,17781
"16","A1C",47.5637956051282,-52.7154419323077,13213
"17","A1E",47.5397594817814,-52.7482443674089,28411
"18","A1G",47.5101033571429,-52.7569333681319,5430
"19","A1H",47.4959762261905,-52.8157229642857,3467
"20","A1K",47.6514683373494,-52.7230394939759,11295
"21","A1L",47.5371991831395,-52.876483434593,17755
"22","A1M",47.6011569224652,-52.8486162962227,7359
"23","A1N",47.5169107454765,-52.8090788648975,24298
"24","A1S",47.4546055259259,-52.7697820296296,6555
"25","A1V",48.9608164373259,-54.6133365181058,11065
"26","A1W",47.5215532468694,-52.9425729338104,11064
"27","A1X",47.49383481198,-53.0119925823627,13749
"28","A1Y",47.7358358275862,-53.2276547931034,5270
"29","A2A",48.9297704278215,-55.6330202834646,8965
"30","A2B",48.9362969135802,-55.6288620123457,4950
"31","A2H",48.9510094482759,-57.95386563711,25595
"32","A2N",48.5515908589744,-58.5880836648352,8813
"33","A2V",52.9394781220779,-66.9209500701299,7367
"34","A5A",48.155175171875,-53.987743678125,7974
"35","A8A",49.201873650463,-57.4315551527778,6539
"36","B0C",46.6689820666667,-60.4182125333333,2807
"37","B0E",46.0210975789474,-61.0970746140351,26573
"38","B0H",45.4479455454546,-61.6310793636364,10478
"39","B0J",44.6568084482759,-63.4922875344828,40014
"40","B0K",45.6102437352941,-62.9028797352941,36827
"41","B0L",45.756447625,-64.2274945,2547
"42","B0M",45.50378568,-63.97322868,17716
"43","B0N",45.054152375,-63.6434206,39909
"44","B0P",45.0304376666667,-64.6184414814815,40186
"45","B0R",44.4988912,-64.6481768,5895
"46","B0S",44.7264834761905,-65.2991747142857,17519
"47","B0T",44.0223738636364,-65.0382541363636,15322
"48","B0V",44.5020380909091,-65.9714473636364,5923
"49","B0W",43.8630858412698,-65.8590989523809,31530
"50","B1A",46.1946983364226,-59.9596086506024,16273
"51","B1B",46.1166075697674,-59.972205872093,1285
"52","B1C",45.9555439507576,-59.9763473106061,1884
"53","B1E",46.1844753974359,-60.0152761153846,1708
"54","B1G",46.2102527169811,-60.019042163522,1991
"55","B1H",46.2431862593023,-60.0904247069767,10004
"56","B1J",45.9421999634703,-60.482022716895,1031
"57","B1K",45.9620728732673,-60.1589162772277,3138
"58","B1L",46.0756593934426,-60.2654564426229,4992
"59","B1M",46.0967094137931,-60.123801862069,1380
"60","B1N",46.1634589313501,-60.1819613569794,5893
"61","B1P",46.1361769045534,-60.1790198169877,14453
"62","B1R",46.1271354758364,-60.2272441412639,4348
"63","B1S",46.1145675184502,-60.2053763302583,8785
"64","B1T",45.9784086890756,-60.6830333109244,368
"65","B1V",46.2398724254386,-60.2286876995614,6428
"66","B1W",45.9520678518519,-60.6143554814815,3252
"67","B1X",46.224680106383,-60.4656065478723,849
"68","B1Y",46.2383104870849,-60.3189828856089,6199
"69","B2A",46.1832360558659,-60.2840142178771,8292
"70","B2C",45.9568589642857,-60.9012214464286,300
"71","B2E",45.720486054054,-60.7129647297297,36
"72","B2G",45.6200005820896,-62.0084814154229,14492
"73","B2H",45.5877119331919,-62.6461957359491,15351
"74","B2J",45.5859923548387,-60.8224479193548,95
"75","B2N",45.3594773235548,-63.2777601647972,20134
"76","B2R",44.7659747166667,-63.5792093722222,2448
"77","B2S",45.0094425525727,-63.5152905771812,7374
"78","B2T",44.8583548375,-63.5925434083333,16194
"79","B2V",44.6619522578797,-63.4907268997135,12589
"80","B2W",44.6788512858537,-63.5119767219512,31812
"81","B2X",44.6981187246094,-63.5422835878906,11891
"82","B2Y",44.66910867,-63.55385586,14648
"83","B2Z",44.6966435507246,-63.4778513768116,8464
"84","B3A",44.6787487370572,-63.5784505095368,19745
"85","B3B",44.7045936954887,-63.5922975864662,1175
"86","B3E",44.732914991453,-63.3487970854701,6891
"87","B3G",44.6165309375,-63.4728399147727,10763
"88","B3H",44.6387766779911,-63.5889673530281,18874
"89","B3J",44.6475945307692,-63.5859900480769,5455
"90","B3K",44.6584282928118,-63.6058079936575,20894
"91","B3L",44.6491122638298,-63.6135667758865,17431
"92","B3M",44.6724182411924,-63.6564171910569,29133
"93","B3N",44.6454128577586,-63.6286471034483,12936
"94","B3P",44.6231055751445,-63.6084889075145,8624
"95","B3R",44.6012770035336,-63.6097827561837,8003
"96","B3S",44.6562477361963,-63.6664682515337,10741
"97","B3T",44.5936681838235,-63.7302075220588,16452
"98","B3V",44.5319181459854,-63.5944252481752,5945
"99","B3Z",44.6460041310345,-63.8836272372414,16170
"100","B4A",44.7257006225266,-63.6688009452055,17508
"101","B4B",44.734509626506,-63.7482404216867,10232
"102","B4C",44.7696387190636,-63.6750622040134,18922
"103","B4E",44.78802664375,-63.7060505333333,16974
"104","B4G",44.8351588695652,-63.6809192318841,4817
"105","B4H",45.8293188539638,-64.2057518776078,13971
"106","B4N",45.0746180984579,-64.4798008185053,17608
"107","B4P",45.0854552302839,-64.3562493690852,7866
"108","B4R",45.0630066333333,-64.5824036333333,2994
"109","B4V",44.3761201312619,-64.5544489264426,19714
"110","B5A",43.8408579005682,-66.1134998607955,12688
"111","B6L",45.3669195378531,-63.2732488045198,12840
"112","B9A",45.6359484019802,-61.3722529029703,4734
"113","C0A",46.2866280869565,-62.9534525217391,43792
"114","C0B",46.5579608571429,-63.91286275,29418
"115","C1A",46.2471243238994,-63.1277583069182,29357
"116","C1B",46.2176814752475,-63.0912795272277,8533
"117","C1C",46.2758281454545,-63.1065896606061,2630
"118","C1E",46.2760507621777,-63.1645666733524,10122
"119","C1N",46.4027771149212,-63.7852045532901,16352
"120","E1A",46.0987868118622,-64.7396239668367,40191
"121","E1B",46.0594031572193,-64.7980991368984,19149
"122","E1C",46.0982716160188,-64.8014073015312,24231
"123","E1E",46.0794708184358,-64.8195140865922,10442
"124","E1G",46.1215864383708,-64.8872669185423,20134
"125","E1H",46.1536822011952,-64.7450310717131,7320
"126","E1J",46.0177598679245,-64.8132454264151,3377
"127","E1N",47.0188801678049,-65.4435536643903,11733
"128","E1V",47.0134730747967,-65.5519168268293,13573
"129","E1W",47.764276029703,-64.9424442029703,6936
"130","E1X",47.4901670989957,-64.9522829942611,14015
"131","E2A",47.5924090230833,-65.6683433899423,17714
"132","E2E",45.4099192883895,-65.9810617166042,19437
"133","E2G",45.4431787352941,-65.9323423431373,4978
"134","E2H",45.3439624793388,-66.0162897823691,4819
"135","E2J",45.2940234440204,-66.0111676857506,16506
"136","E2K",45.2882301181287,-66.0815284128655,17722
"137","E2L",45.2740779234694,-66.0603532576531,8092
"138","E2M",45.2566987578616,-66.1115834654088,19537
"139","E2N",45.3246628255319,-65.937357587234,4358
"140","E2P",45.2597156746988,-65.9837778313253,1454
"141","E2R",45.2752858333333,-66.0087536666667,10
"142","E2S",45.3597763459716,-65.8407575853081,6908
"143","E2V",45.8360431269394,-66.4697654978843,14709
"144","E3A",45.9796228244621,-66.6253816228766,27273
"145","E3B",45.9235429456716,-66.6406007892537,35535
"146","E3C",45.9042106865672,-66.7071112746269,10933
"147","E3E",45.9087586583072,-66.8216254263323,4394
"148","E3G",46.0091331504065,-66.7020428943089,8120
"149","E3L",45.2275811255708,-67.2738875547945,9325
"150","E3N",47.9781596316852,-66.7106181049445,14319
"151","E3V",47.3680966064516,-68.3353138309677,11818
"152","E3Y",47.0626667166065,-67.711988898917,7747
"153","E3Z",47.0142573701923,-67.7468345408654,4272
"154","E4A",46.130500691358,-65.8596944300412,3079
"155","E4B",46.0408892641509,-66.0869350017153,4475
"156","E4C",45.8795849579832,-65.9467498109244,2349
"157","E4E",45.6958633447905,-65.4788323759398,9113
"158","E4G",45.8018400434783,-65.4622483759591,2724
"159","E4H",45.803626402507,-64.7372315626741,4206
"160","E4J",46.0131815569358,-65.0443456542443,4876
"161","E4K",45.9596522540835,-64.5610391125227,6476
"162","E4L",45.9131605961821,-64.3551293069016,7367
"163","E4M",46.1048363472727,-63.9821926927273,1872
"164","E4N",46.2141495503876,-64.3208049224806,3715
"165","E4P",46.2172350963455,-64.4815305249169,13749
"166","E4R",46.3218264675468,-64.5893971650165,6253
"167","E4S",46.4699022787879,-64.7625992157576,7056
"168","E4T",46.4312713534073,-65.1039249270998,2233
"169","E4V",46.3527337924107,-64.7474837767857,4455
"170","E4W",46.6473597098976,-64.8913603617747,8129
"171","E4X",46.74157165,-65.0408312285714,3050
"172","E4Y",46.7329853940217,-65.377940763587,3173
"173","E4Z",45.935489123494,-65.2027930150602,5771
"174","E5A",45.332403566416,-67.1773254761905,1761
"175","E5B",45.1142474158965,-67.0305871146026,3110
"176","E5C",45.1222172321083,-66.8386440889749,4296
"177","E5E",44.8905589456522,-66.9114228478261,925
"178","E5G",44.7042735607477,-66.773048152648,2539
"179","E5H",45.0934728494624,-66.7331521792115,2965
"180","E5J",45.1489133714286,-66.430831431746,2016
"181","E5K",45.3581247872928,-66.2273676298342,7356
"182","E5L",45.6088706666667,-66.6142317657658,3063
"183","E5M",45.6654292363112,-66.1525499308357,2085
"184","E5N",45.5141472916667,-65.8303390842014,11577
"185","E5P",45.7693747369792,-65.648692453125,2642
"186","E5R",45.3567873443396,-65.5917238207547,1504
"187","E5S",45.4000421795775,-66.1007247570423,1838
"188","E5T",45.6509072456964,-65.8757534788732,3171
"189","E5V",45.0339282550336,-66.9622480805369,731
"190","E6A",46.4703123582888,-66.4705982085562,1297
"191","E6B",46.2766187992126,-66.7664267677165,1679
"192","E6C",46.1790310553191,-66.5860278893617,2309
"193","E6E",46.1076345,-67.159125,1509
"194","E6G",45.9945358741722,-67.2520694139073,2714
"195","E6H",45.8613525426621,-67.5572006006826,1338
"196","E6J",45.5916917040816,-67.305866244898,1321
"197","E6K",45.7430459089286,-67.0166684732143,3673
"198","E6L",46.0382013722222,-66.9290123777778,4720
"199","E7A",47.288925630597,-68.6276119328358,3970
"200","E7B",47.4392324193548,-68.3679140725806,5757
"201","E7C",47.3549354697337,-68.202427937046,5328
"202","E7E",47.2104337090909,-67.9368239818182,4465
"203","E7G",46.9368295741935,-67.4712020645161,4097
"204","E7H",46.7475681706399,-67.6706851079046,6059
"205","E7J",46.534520956044,-67.6175293626374,2180
"206","E7K",46.4230735633075,-67.709800870801,2682
"207","E7L",46.4539684657143,-67.50767626,5439
"208","E7M",46.1573474319149,-67.6051905648936,9948
"209","E7N",46.0816737841191,-67.5865295806452,3110
"210","E7P",46.3166250242826,-67.4853321611479,3668
"211","E8A",47.5254863159609,-67.3832352540717,3585
"212","E8B",47.6513486495327,-67.2895109345794,2379
"213","E8C",48.0553143979849,-66.3782598413098,3862
"214","E8E",47.9839743041096,-66.3848808054795,5506
"215","E8G",47.9061173798883,-66.0062225586592,2916
"216","E8J",47.7950236425234,-65.7443545911215,5763
"217","E8K",47.7018972101449,-65.7419808514493,8780
"218","E8L",47.5191488543046,-65.3734347152318,2427
"219","E8M",47.6887540984848,-65.0662858939394,2005
"220","E8N",47.7859930123457,-65.0454121604938,2310
"221","E8P",47.6819595090909,-64.9174586690909,3478
"222","E8R",47.6796866976744,-65.0085181348837,3550
"223","E8S",47.7403371577726,-64.7006345313225,4652
"224","E8T",47.7573300292969,-64.6541301953125,6187
"225","E9A",47.0338507133758,-64.9609421528662,2372
"226","E9B",46.7219717142857,-65.8116211544402,2423
"227","E9C",46.5443701453287,-66.172273266436,2274
"228","E9E",46.9280705597484,-65.8228737106918,4287
"229","E9G",47.2529288188073,-65.1245013623853,5316
"230","E9H",47.3712631698113,-64.9892208820755,3055
"231","G0A",47.2119307111111,-71.4324514755556,77309
"232","G0C",48.26149708,-65.31274434,48768
"233","G0E",48.5276287575758,-66.7137578484848,5163
"234","G0G",51.0355139574468,-63.7673092553192,18155
"235","G0H",49.2571722083333,-68.160142625,11031
"236","G0J",48.5146072241379,-67.5108776896552,30614
"237","G0K",48.1336895416667,-68.6163069583333,11912
"238","G0L",47.7857921285714,-69.2178817285714,61464
"239","G0M",46.0152700740741,-70.7065195925926,34449
"240","G0N",46.1479456086957,-71.2886170434783,20013
"241","G0P",46.17145336,-71.66188828,6770
"242","G0R",46.8334267126437,-70.4222558390805,83516
"243","G0S",46.5031662758621,-71.4392978103448,70018
"244","G0T",48.2611228,-69.7566756666667,14853
"245","G0V",48.40638975,-70.94770105,16590
"246","G0W",48.77725884,-72.5052438,36141
"247","G0X",46.7010737419355,-72.6433963387097,57843
"248","G0Y",45.848900952381,-71.1481028095238,9295
"249","G0Z",46.2760655263158,-72.138083,8495
"250","G1A",46.8113260961538,-71.2298663846154,0
"251","G1B",46.9030856422183,-71.2103789338104,15866
"252","G1C",46.8842104381779,-71.1838452248735,36498
"253","G1E",46.8692990462882,-71.1789737641921,24827
"254","G1G",46.874913515493,-71.2796811765258,23924
"255","G1H",46.8529315510549,-71.260940942616,29045
"256","G1J",46.8372286246914,-71.2267807074074,22758
"257","G1K",46.8130567921071,-71.2272021994362,18459
"258","G1L",46.8322339088435,-71.2328785306122,23030
"259","G1M",46.8170101786942,-71.2669721701031,19954
"260","G1N",46.8021528577778,-71.2605173214815,8108
"261","G1P",46.8081107611276,-71.3150986913947,16406
"262","G1R",46.8108055964912,-71.2171632905702,16413
"263","G1S",46.7942660658436,-71.2459428504801,24806
"264","G1T",46.7735768804665,-71.2669793790087,6725
"265","G1V",46.7780944808959,-71.2882091449275,19435
"266","G1W",46.7639341266491,-71.2899321147757,20633
"267","G1X",46.7741903204005,-71.3265357209011,26006
"268","G1Y",46.756964872549,-71.3520638862745,12962
"269","G2A",46.8560869701987,-71.3627317450331,14914
"270","G2B",46.8450641988827,-71.3472977698324,23365
"271","G2C",46.8303999602649,-71.3283628907285,10362
"272","G2E",46.8065172594872,-71.357120508718,20940
"273","G2G",46.7828010856423,-71.3715825843829,10061
"274","G2J",46.8432662235294,-71.2842504117647,3046
"275","G2K",46.8451191380471,-71.3017328249158,9251
"276","G2L",46.8808580059406,-71.2592328792079,13466
"277","G2M",46.9113545217391,-71.303850951087,4718
"278","G2N",46.9076951329305,-71.3187492054381,7745
"279","G3A",46.7415285193965,-71.4300105948276,18553
"280","G3B",46.9550891809955,-71.2978407873303,7426
"281","G3C",47.0044583527132,-71.3727924108527,7662
"282","G3E",46.8742638586956,-71.331812884058,14267
"283","G3G",46.8997100352113,-71.3702109600939,9898
"284","G3H",46.7626209501845,-71.6857787933579,8705
"285","G3J",46.8623640826446,-71.4383589173554,9189
"286","G3K",46.845506296,-71.409369904,16249
"287","G3L",46.8918165064935,-71.8178407714286,9632
"288","G3M",46.6768038149171,-71.7277146104972,6242
"289","G3N",46.8641698128544,-71.6041542665406,8170
"290","G3Z",47.426507595843,-70.5410525381062,7337
"291","G4A",47.6959486304348,-70.2276340543478,3118
"292","G4R",50.2095147721661,-66.3746655959596,21117
"293","G4S",50.2551426069652,-66.4047470497512,5285
"294","G4T",47.378221190352,-61.8560659035202,12781
"295","G4V",49.1296937762097,-66.4750068205645,7149
"296","G4W",48.8405892260766,-67.5175759665072,14471
"297","G4X",48.8794518062016,-64.4617468914729,15163
"298","G4Z",49.2179053850129,-68.1706430826873,10105
"299","G5A",47.6681478152425,-70.1389317321016,8895
"300","G5B",50.0208117329377,-66.8905160623145,6149
"301","G5C",49.1943234732824,-68.2720513854962,12094
"302","G5H",48.5873015506993,-68.1907086293706,7184
"303","G5J",48.4669100745098,-67.432774954902,6330
"304","G5L",48.4428326048064,-68.5353392817089,29801
"305","G5M",48.4823871097046,-68.4857199620253,6335
"306","G5N",48.3942197197802,-68.4959880164835,7821
"307","G5R",47.8280127990099,-69.5312717534653,19452
"308","G5T",47.5425483333333,-68.6633709195402,3052
"309","G5V",46.9783556374269,-70.5582321403509,11485
"310","G5X",46.2121375790514,-70.7754341284585,6363
"311","G5Y",46.1160187402597,-70.6768255367965,22925
"312","G5Z",46.1021072763158,-70.6594577039474,6347
"313","G6A",46.1346247798165,-70.6722323394495,2033
"314","G6B",45.5803763614191,-70.888061924612,8403
"315","G6C",46.7594680357143,-71.1293848511905,6968
"316","G6E",46.4461093500785,-71.0247610973312,12803
"317","G6G",46.1012167132921,-71.299366053323,19801
"318","G6H",46.0892424828244,-71.3125939045802,7344
"319","G6J",46.6571640084034,-71.3070169957983,9902
"320","G6K",46.7066223865031,-71.2972245214724,7831
"321","G6L",46.2027606497175,-71.8141921581921,15013
"322","G6P",46.0553834271845,-71.9544628507281,29841
"323","G6R",46.0319703222222,-71.969788962963,4161
"324","G6S",46.0527141121495,-71.9080983084112,4204
"325","G6T",46.0709559226804,-71.9713443041237,8147
"326","G6V",46.8107928501229,-71.1667344355037,36379
"327","G6W",46.7484105238095,-71.234349612651,23480
"328","G6X",46.7168857250996,-71.267497563745,10078
"329","G6Z",46.7223940469388,-71.2002618265306,18374
"330","G7A",46.7018292640187,-71.3505848936916,20458
"331","G7B",48.3273378653846,-70.8883571414835,17767
"332","G7G",48.4449623159851,-71.0682771276332,16539
"333","G7H",48.4147196699396,-71.0508081616314,29025
"334","G7J",48.4149274855967,-71.0861871893004,14790
"335","G7K",48.393636859375,-71.13833340625,613
"336","G7N",48.3214125117371,-71.1210130704225,5979
"337","G7P",48.5196967564767,-71.2998070751295,6673
"338","G7S",48.4193493336864,-71.1771093972458,20142
"339","G7T",48.4008675714286,-71.1831511428571,106
"340","G7X",48.4131297039711,-71.2475097496992,26162
"341","G7Y",48.3810725714286,-71.2676757142857,638
"342","G7Z",48.4298657185185,-71.2664084518519,2967
"343","G8A",48.4112191050725,-71.2677318949275,6144
"344","G8B",48.5506849810427,-71.647129892575,23110
"345","G8C",48.53619025,-71.6544616283784,3626
"346","G8E",48.6042459859649,-71.6697200280702,4041
"347","G8G",48.4109810561798,-71.8464761498127,4107
"348","G8H",48.5138375991561,-72.2278714388186,10395
"349","G8J",48.6262687268519,-72.4180604675926,4239
"350","G8K",48.6578437732426,-72.440534138322,10278
"351","G8L",48.8803233763764,-72.2172632462462,14925
"352","G8M",48.8726726530343,-72.3402067915567,5448
"353","G8N",48.3786195857988,-71.6860391893491,2432
"354","G8P",49.9135247461538,-74.3695875358974,7623
"355","G8T",46.378761076972,-72.5278176189567,28709
"356","G8V",46.3976114273973,-72.5218692684931,9248
"357","G8W",46.3927146627566,-72.5785453489736,9774
"358","G8Y",46.3535791737705,-72.6072476344262,32179
"359","G8Z",46.3468694261275,-72.5686268211509,13471
"360","G9A",46.3413824411474,-72.5558261938675,20643
"361","G9B",46.3088034905933,-72.6349205397974,15040
"362","G9C",46.392512703125,-72.592777125,2317
"363","G9H",46.3255528149606,-72.413589324147,12435
"364","G9N",46.5634065384615,-72.742639813803,16740
"365","G9P",46.5185597135741,-72.7453802627646,11166
"366","G9R",46.5938811871345,-72.7989752573099,2143
"367","G9T",46.6150318671329,-72.6909656756993,16306
"368","G9X",47.431175894964,-72.7809407323741,10914
"369","H1A",45.6721322508591,-73.4999711076747,32432
"370","H1B",45.6401964795918,-73.5040925351474,19854
"371","H1C",45.6557248685121,-73.5578197647059,13659
"372","H1E",45.6377812281713,-73.5855247429984,43294
"373","H1G",45.6102565267857,-73.6229906240079,48604
"374","H1H",45.5906619195011,-73.6364674036281,35648
"375","H1J",45.6104402406015,-73.5759984160401,10345
"376","H1K",45.6067688409091,-73.5463093042929,32364
"377","H1L",45.601245964182,-73.5198240629235,32996
"378","H1M",45.5869342336449,-73.5568957420561,28928
"379","H1N",45.5755535873606,-73.5370565724907,23028
"380","H1P",45.5959045474138,-73.593295262931,17748
"381","H1R",45.5851383309481,-73.6074691288014,29843
"382","H1S",45.5804957833333,-73.5809919571429,24490
"383","H1T",45.5730193551724,-73.5697600103448,30202
"384","H1V",45.5654419063136,-73.5407195274949,21093
"385","H1W",45.5414690433145,-73.5486215254237,28422
"386","H1X",45.5548331440329,-73.5699146748971,29859
"387","H1Y",45.5522910209644,-73.5780489895178,25836
"388","H1Z",45.5742539421875,-73.614700975,35439
"389","H2A",45.5616857343413,-73.5988684902808,18846
"390","H2B",45.5721290671642,-73.652855641791,17361
"391","H2C",45.5596761345291,-73.6542642892377,17382
"392","H2E",45.5521993601036,-73.610911253886,23986
"393","H2G",45.5460178149883,-73.589501088993,21367
"394","H2H",45.5370283333333,-73.5742892666667,13689
"395","H2J",45.5307468299663,-73.5815156043771,25531
"396","H2K",45.5326920903427,-73.5514866510903,27414
"397","H2L",45.5183164583333,-73.5610190430108,22941
"398","H2M",45.554830255132,-73.6327241964809,18054
"399","H2N",45.5395958814815,-73.6476929074074,6028
"400","H2P",45.5449461939891,-73.6327307677596,14047
"401","H2R",45.5417529477807,-73.6206876762402,21532
"402","H2S",45.5344229673469,-73.6086831530612,25931
"403","H2T",45.5281670502513,-73.5927347638191,15911
"404","H2V",45.5188639649635,-73.6092003007299,30465
"405","H2W",45.5212023723724,-73.5810627747748,11071
"406","H2X",45.5220571747748,-73.5589481873874,19432
"407","H2Y",45.5136779268293,-73.5462388069106,3457
"408","H2Z",45.5108728125,-73.5571533798077,1961
"409","H3A",45.5057232789256,-73.573253427686,3784
"410","H3B",45.5045999548105,-73.567390744898,339
"411","H3C",45.4950104831776,-73.581959917757,6617
"412","H3E",45.4651698493724,-73.5432000083682,18318
"413","H3G",45.5021643445122,-73.5794236890244,7149
"414","H3H",45.4960828148148,-73.5794765555555,17737
"415","H3J",45.490481620462,-73.5680348910891,10244
"416","H3K",45.4816444428904,-73.5642903682984,13924
"417","H3L",45.5471957926357,-73.6682538023256,19704
"418","H3M",45.5438494540943,-73.6836456923077,15091
"419","H3N",45.530908178273,-73.630480816156,29284
"420","H3P",45.5236169413043,-73.6313582043478,10339
"421","H3R",45.5111286181818,-73.6476199795455,9674
"422","H3S",45.506847660767,-73.6275965309734,33274
"423","H3T",45.5038465576923,-73.6155087403846,12638
"424","H3V",45.4987012168675,-73.6082937831325,6619
"425","H3W",45.490621751773,-73.6322278486998,31071
"426","H3X",45.4827285306859,-73.6391866119134,23261
"427","H3Y",45.4900546378132,-73.605273070615,9745
"428","H3Z",45.4837233126437,-73.5977641563218,11597
"429","H4A",45.4792785256917,-73.6108118675889,26015
"430","H4B",45.4712424634146,-73.6290718455285,20375
"431","H4C",45.4813538969957,-73.5840925042918,15804
"432","H4E",45.4575168021472,-73.594363041411,30231
"433","H4G",45.4645246357759,-73.5706815732759,28965
"434","H4H",45.4468201159875,-73.5806679529781,19082
"435","H4J",45.5351132142857,-73.7023142792208,17692
"436","H4K",45.5299279065934,-73.7206409807692,11220
"437","H4L",45.5176754024096,-73.6824705313253,35480
"438","H4M",45.5017591111111,-73.6849957831978,12271
"439","H4N",45.5292893422819,-73.6639929373602,26173
"440","H4P",45.4994289657534,-73.6585757123288,4569
"441","H4R",45.51303870625,-73.70259420625,24049
"442","H4S",45.5114111244019,-73.7084858803828,502
"443","H4T",45.4919127788018,-73.6854008110599,0
"444","H4V",45.4678066015831,-73.6479030765172,20676
"445","H4W",45.4685074282511,-73.6655837040359,24500
"446","H4X",45.4547267708333,-73.6510371375,6426
"447","H4Y",45.4814376395349,-73.7146803837209,5
"448","H4Z",45.5031186911765,-73.5582092794118,0
"449","H5A",45.5033586547619,-73.5663138571429,0
"450","H5B",45.5520374625,-73.5628509875,5
"451","H7A",45.6652926566929,-73.5881002330709,19153
"452","H7B",45.6768396,-73.6390266545455,3059
"453","H7C",45.6143703594203,-73.6487124695652,8925
"454","H7E",45.5965430187573,-73.6724287596717,25417
"455","H7G",45.5747131655172,-73.6837006193103,20318
"456","H7H",45.640450879902,-73.756698875,12946
"457","H7J",45.6590967636364,-73.7003287818182,2269
"458","H7K",45.6209408476357,-73.739629676007,21903
"459","H7L",45.6038188853119,-73.7808067696177,34917
"460","H7M",45.6013501769068,-73.7175875625,27697
"461","H7N",45.5637591492843,-73.7091002709611,39752
"462","H7P",45.579096700409,-73.8044822433538,32979
"463","H7R",45.5568848217213,-73.8563610368852,28653
"464","H7S",45.5740049390681,-73.7317913942652,7306
"465","H7T",45.5572930961098,-73.767626020595,20438
"466","H7V",45.5486492768166,-73.7384322387543,21888
"467","H7W",45.5375283965517,-73.7622497816092,39792
"468","H7X",45.5316502940226,-73.8018156042003,25162
"469","H7Y",45.5244469700375,-73.849961576779,8979
"470","H8N",45.4365785503513,-73.6216870398126,27341
"471","H8P",45.4283023378906,-73.6056753164062,22346
"472","H8R",45.4319849508772,-73.6456866631579,29849
"473","H8S",45.4437957925446,-73.7082676320908,21461
"474","H8T",45.4485416320166,-73.7885041101871,14663
"475","H8Y",45.5077083694779,-73.797033562249,18766
"476","H8Z",45.5063661629956,-73.8380179845815,14892
"477","H9A",45.4959456484018,-73.829228130137,15776
"478","H9B",45.4921037621145,-73.7988533722467,21191
"479","H9C",45.4997086595745,-73.871590481383,11964
"480","H9E",45.4866280413223,-73.9020481404959,2742
"481","H9G",45.4760231506493,-73.8368645090909,15903
"482","H9H",45.4714315978391,-73.8583130480192,25631
"483","H9J",45.4543940820244,-73.8771431361257,22552
"484","H9K",45.4578529866667,-73.9020348133333,8114
"485","H9P",45.4584069366391,-73.7609396115703,3883
"486","H9R",45.4570311963323,-73.8092845631068,23121
"487","H9S",45.4441416104911,-73.7684295703125,21999
"488","H9W",45.4313510052247,-73.8652416896552,19505
"489","H9X",45.4145386208696,-73.9296869426087,9843
"490","J0A",45.7997172352941,-71.9573055882353,19187
"491","J0B",45.380751060241,-71.8447444457831,61485
"492","J0C",45.9763801904762,-72.7494793333333,21917
"493","J0E",45.310519877551,-72.5856382857143,47708
"494","J0G",46.062137047619,-72.784362047619,18907
"495","J0H",45.698219255814,-73.057258627907,51400
"496","J0J",45.177984,-73.1132957317073,40304
"497","J0K",46.1878926323529,-73.5236198235294,135850
"498","J0L",45.45197471875,-73.399487765625,70341
"499","J0M",56.5045145,-74.5223345,21730
"500","J0N",45.5957777441861,-74.0333568604651,46784
"501","J0P",45.4207753,-74.2267594333333,37274
"502","J0R",45.895792627907,-74.1347923953488,33730
"503","J0S",45.1412845357143,-73.9700066071429,33837
"504","J0T",46.1936335636364,-74.598448,47088
"505","J0V",45.7126307142857,-74.8172266,26139
"506","J0W",46.76759125,-75.45058575,15953
"507","J0X",45.7925763548387,-76.0672432741935,44986
"508","J0Y",49.1193907833333,-77.31183775,29086
"509","J0Z",48.104769031746,-79.1195560793651,34622
"510","J1A",45.1335564875283,-71.8058335260771,9494
"511","J1C",45.4680930628931,-71.9660699496855,6260
"512","J1E",45.4188343263473,-71.8749584476048,22088
"513","J1G",45.4044119504337,-71.8619417249071,19122
"514","J1H",45.3934710880682,-71.8979403257576,27776
"515","J1J",45.4069492822086,-71.9209835368098,14472
"516","J1K",45.3854199339853,-71.9355925501223,7272
"517","J1L",45.4041142566586,-71.9570984309927,13690
"518","J1M",45.3684726514084,-71.8624173133803,5250
"519","J1N",45.3617952959459,-71.9935657418919,28879
"520","J1R",45.3949373774834,-72.0278383245033,9751
"521","J1S",45.5716469385749,-72.0017192800983,7670
"522","J1T",45.7751522757528,-71.9312428779715,8003
"523","J1X",45.2869837218494,-72.1501763296048,29958
"524","J1Z",45.9321396240876,-72.4571762189781,5170
"525","J2A",45.8339279507154,-72.4180827694754,10973
"526","J2B",45.8668236034722,-72.48055355,27597
"527","J2C",45.88809841878,-72.5026908601782,29684
"528","J2E",45.9012491346154,-72.5331295192308,4005
"529","J2G",45.4040717276757,-72.7337620025332,28591
"530","J2H",45.4141347389474,-72.7126783157895,17608
"531","J2J",45.3984648644068,-72.7629065889831,17147
"532","J2K",45.2185839899749,-72.7606036779449,15636
"533","J2L",45.300868244898,-72.6780203673469,7642
"534","J2M",45.3623323783784,-72.6042815225225,6677
"535","J2N",45.2830126876513,-72.9767851622276,8330
"536","J2R",45.6450592153846,-72.9359780730769,10114
"537","J2S",45.6236763267064,-72.9612153465871,27896
"538","J2T",45.6218662737226,-72.9380766678832,15232
"539","J2W",45.3590622921348,-73.2893548516854,28144
"540","J2X",45.3140232617978,-73.2296867741573,18761
"541","J2Y",45.326446173913,-73.3354581086957,5692
"542","J3A",45.3490451989796,-73.2566277704082,8426
"543","J3B",45.3055645120773,-73.2639724292616,31354
"544","J3E",45.5843217017544,-73.3344834424951,30002
"545","J3G",45.5657492308378,-73.2162690606061,30358
"546","J3H",45.5528915082605,-73.1933079990282,25327
"547","J3L",45.447430466497,-73.2823970644614,43978
"548","J3M",45.4330587677419,-73.1633134774194,10094
"549","J3N",45.5269900564103,-73.2838994,16736
"550","J3P",46.0325684222896,-73.1041969203942,25843
"551","J3R",46.0278538207218,-73.1402797124563,13176
"552","J3T",46.2344616604651,-72.6089645302326,7828
"553","J3V",45.5304660942308,-73.3427500163462,25751
"554","J3X",45.6757462656827,-73.4252008782288,20994
"555","J3Y",45.4900340098425,-73.4188344553806,57744
"556","J3Z",45.5392410909091,-73.4581264675325,4213
"557","J4B",45.5993536317241,-73.4428484862069,40752
"558","J4G",45.5635195626822,-73.4764584781341,10075
"559","J4H",45.5360579195804,-73.5038019737762,14868
"560","J4J",45.5325303584672,-73.48293376267,29108
"561","J4K",45.51796320875,-73.4967659675,25026
"562","J4L",45.5198662184397,-73.4601305787234,30873
"563","J4M",45.5364499349593,-73.4486303550135,12167
"564","J4N",45.5564905449438,-73.4470941404494,7927
"565","J4P",45.50720163286,-73.5076920770791,10755
"566","J4R",45.4928084911243,-73.5018801597633,9704
"567","J4S",45.4808632044199,-73.4927097569061,6174
"568","J4T",45.4966422356436,-73.4680537386139,17445
"569","J4V",45.4890407008197,-73.4683217008197,16866
"570","J4W",45.4681671982942,-73.482662108742,18217
"571","J4X",45.4460811364829,-73.4815649947507,17347
"572","J4Y",45.4474316889353,-73.459890394572,19206
"573","J4Z",45.4703776829268,-73.4504976358885,24523
"574","J5A",45.3816103204748,-73.5721657091988,24891
"575","J5B",45.3797803053435,-73.5429662748092,7462
"576","J5C",45.398723258216,-73.5660054788732,16766
"577","J5J",45.8303148590078,-73.9361443420366,13375
"578","J5K",45.748167206044,-74.1189090961538,13087
"579","J5L",45.7911488005952,-74.0591783988095,17986
"580","J5M",45.8575553201856,-73.765170099768,17466
"581","J5R",45.4017137715827,-73.4977985368705,43233
"582","J5T",45.8956944940375,-73.3041592572402,13267
"583","J5V",46.2572449793814,-72.9361992268041,7517
"584","J5W",45.840891414,-73.417443293,23349
"585","J5X",45.8587862274678,-73.473116241774,8651
"586","J5Y",45.7733514960128,-73.4250298740032,26948
"587","J5Z",45.7507515134443,-73.4745086453265,27408
"588","J6A",45.7421572048998,-73.4555643325909,33477
"589","J6E",46.0322462387015,-73.4422969554424,42179
"590","J6J",45.3704255983264,-73.7421888619247,23539
"591","J6K",45.3578138056931,-73.7255082784653,22363
"592","J6N",45.3204571447619,-73.8520371104762,11581
"593","J6R",45.3217594624625,-73.7356851261261,11584
"594","J6S",45.2672920100548,-74.1168888839123,23364
"595","J6T",45.2490016636816,-74.1318952875622,16709
"596","J6V",45.7207520613497,-73.5270131595092,10803
"597","J6W",45.7006355373134,-73.6331648915423,31573
"598","J6X",45.7158339444444,-73.6725837521367,22837
"599","J6Y",45.6926900481482,-73.7507683666667,17899
"600","J6Z",45.6687481483595,-73.7722182211127,18937
"601","J7A",45.6377437961432,-73.7971019614325,14318
"602","J7B",45.6572984651163,-73.8097527488372,13196
"603","J7C",45.6743031376434,-73.8784147789364,39126
"604","J7E",45.6467189602273,-73.8373279863636,29797
"605","J7G",45.6151209562363,-73.8307759846827,17452
"606","J7H",45.6257374969697,-73.8631257818182,6778
"607","J7J",45.6975223901734,-73.9329132456647,18703
"608","J7K",45.7468026073529,-73.6064829102941,30836
"609","J7L",45.7400958401305,-73.655690725938,11655
"610","J7M",45.7655422222222,-73.7357263641975,23207
"611","J7N",45.6561582255489,-74.044993257485,23246
"612","J7P",45.573768319337,-73.8779682220995,24856
"613","J7R",45.5543551850921,-73.9060162579565,36840
"614","J7T",45.3769530976645,-74.1061314585987,25405
"615","J7V",45.3873068397887,-73.9962050651408,70485
"616","J7W",45.3869037931034,-73.9604497931035,1625
"617","J7X",45.2831851129032,-74.1912921935484,4564
"618","J7Y",45.7898941755448,-74.0074038244552,22630
"619","J7Z",45.775135240678,-73.9934311508475,27824
"620","J8A",45.9159984670659,-74.0053766746507,8079
"621","J8B",45.9548395354167,-74.1443643020833,12139
"622","J8C",46.0489988215768,-74.279736753112,10130
"623","J8E",46.1499531653061,-74.5982345897959,9525
"624","J8G",45.6825954035088,-74.4253934085213,8031
"625","J8H",45.6609386615811,-74.3400091248266,13468
"626","J8L",45.5919686832884,-75.423552671159,17883
"627","J8M",45.539963874477,-75.4598492845188,12413
"628","J8N",45.6911639596879,-75.6829462470741,10963
"629","J8P",45.4906317640791,-75.6325046925419,33048
"630","J8R",45.5091816338259,-75.6340682627258,27624
"631","J8T",45.4777636080692,-75.7057273458213,40274
"632","J8V",45.5146750969305,-75.7356120791599,25507
"633","J8X",45.4379449731183,-75.7149062114695,10305
"634","J8Y",45.4468182890995,-75.7383937696682,23830
"635","J8Z",45.4701900211864,-75.7598109194915,15441
"636","J9A",45.434327767098,-75.7515245009242,19850
"637","J9B",45.531011159864,-75.8277145612245,6977
"638","J9E",46.3772475541126,-75.9667558095238,8088
"639","J9H",45.4005725775934,-75.8241555526971,28791
"640","J9J",45.4270816860283,-75.8258524913658,26000
"641","J9L",46.549984970639,-75.504486537133,13788
"642","J9P",48.0926947527993,-77.7822494246339,32180
"643","J9T",48.5675767781202,-78.1120620600925,13245
"644","J9V",47.3307668654709,-79.441524,3440
"645","J9X",48.2330985917108,-79.0103758659612,27056
"646","J9Y",48.1538685974026,-79.0430409025974,5666
"647","J9Z",48.7983719141104,-79.2037243026585,7715
"648","K0A",45.2695948376068,-75.7360205384615,99182
"649","K0B",45.4804927272727,-74.7988333636364,20971
"650","K0C",45.14112035,-74.98482675,51537
"651","K0E",44.7532704,-75.7203242,38410
"652","K0G",44.8750221702128,-76.0391552553191,35054
"653","K0H",44.6419045737705,-76.8068607868852,43678
"654","K0J",45.5948957954545,-77.4012095227273,33626
"655","K0K",44.2329524301075,-77.456343688172,109311
"656","K0L",44.6301636346154,-78.1021775,68907
"657","K0M",44.7430617307692,-78.5884264615385,47817
"658","K1A",45.4089681216216,-75.7005357747748,5
"659","K1B",45.4212198740458,-75.5948150706107,17273
"660","K1C",45.4673052996661,-75.5395822921536,38032
"661","K1E",45.4735051503759,-75.506030887218,15419
"662","K1G",45.3955011751227,-75.6347916301146,33994
"663","K1H",45.3867567560976,-75.6644594777618,15714
"664","K1J",45.4460277797063,-75.616535082777,26899
"665","K1K",45.4361022124583,-75.6507936006674,29725
"666","K1L",45.4372356375,-75.662534771875,16756
"667","K1M",45.4424171307339,-75.6817974610092,6801
"668","K1N",45.426111327381,-75.6881006547619,24757
"669","K1P",45.3935175583756,-75.7453575203046,321
"670","K1R",45.4070439910394,-75.7130157114695,18488
"671","K1S",45.4009957492931,-75.6881856757776,28079
"672","K1T",45.3498592683658,-75.6334429055472,30996
"673","K1V",45.35056313709,-75.6712382388562,54374
"674","K1W",45.4358215840708,-75.5294623185841,7180
"675","K1X",45.2834020757576,-75.6349220909091,839
"676","K1Y",45.3975099097065,-75.732678731377,19185
"677","K1Z",45.3858532594142,-75.7388710794979,20549
"678","K2A",45.373752284264,-75.7702922817259,15901
"679","K2B",45.3615779898844,-75.7911273236994,32749
"680","K2C",45.3599472721519,-75.7418542632911,28369
"681","K2E",45.3478320655738,-75.7170364377049,18884
"682","K2G",45.3307089977221,-75.7471729514047,49573
"683","K2H",45.3313599737418,-75.8158946203501,26354
"684","K2J",45.2724818874502,-75.7551352649402,54257
"685","K2K",45.3344485009524,-75.9095129066667,24117
"686","K2L",45.3010801784512,-75.8875550656566,19933
"687","K2M",45.2888997523364,-75.8581780560748,22161
"688","K2P",45.415092137931,-75.6919673793103,15550
"689","K2R",45.2839464354839,-75.8030139516129,1276
"690","K2S",45.2627325340599,-75.9196432316076,28752
"691","K2T",45.3172595645161,-75.9226894758065,5823
"692","K2V",45.2972487555556,-75.9061249777778,728
"693","K2W",45.3593378089888,-75.9522674606742,7613
"694","K4A",45.4687226618625,-75.4823360831486,47213
"695","K4B",45.413173929078,-75.4049145673759,4956
"696","K4C",45.5005718712121,-75.3971491287879,4472
"697","K4K",45.5469000051813,-75.2817151398964,14084
"698","K4M",45.2155552323232,-75.7141221010101,9179
"699","K4P",45.251982047619,-75.5736937278912,8944
"700","K4R",45.2608127575758,-75.3555547727273,6672
"701","K6A",45.6041618931298,-74.608064269084,12860
"702","K6H",45.0283422241963,-74.7148146641286,29573
"703","K6J",45.0238648441704,-74.7480013318386,17791
"704","K6K",45.0600261962025,-74.7678978607595,2653
"705","K6T",44.62977,-75.7073567,614
"706","K6V",44.5959656734007,-75.6945404924242,28323
"707","K7A",44.8999589330085,-76.0178364640682,16613
"708","K7C",45.1370703446809,-76.1431674567376,16230
"709","K7G",44.3348616576355,-76.1625326206897,8477
"710","K7H",44.8972871703854,-76.2509165496957,15079
"711","K7K",44.2478440935673,-76.4842335004177,32304
"712","K7L",44.2335930264672,-76.4955718504028,20246
"713","K7M",44.2384102322368,-76.5585572546053,46755
"714","K7N",44.2270482335025,-76.6466486345178,7173
"715","K7P",44.2622639643606,-76.583793836478,19045
"716","K7R",44.2469347526132,-76.953433728223,14251
"717","K7S",45.4326948528897,-76.3612919281962,12666
"718","K7V",45.4710364805599,-76.6829367293935,13341
"719","K8A",45.8225727172218,-77.1218740170092,26690
"720","K8B",45.7331195909091,-77.1005979545454,460
"721","K8H",45.8942840570866,-77.2671470570866,13910
"722","K8N",44.1718278676957,-77.3688309459757,27242
"723","K8P",44.1705245872642,-77.3960211037736,21318
"724","K8R",44.14364834,-77.45364234,1478
"725","K8V",44.1056629420152,-77.5817597262357,27139
"726","K9A",43.9682806381365,-78.1704000682557,24458
"727","K9H",44.3168720331179,-78.3224523473344,27433
"728","K9J",44.2934948831445,-78.3296094766289,44769
"729","K9K",44.2862316815476,-78.3551855267857,12774
"730","K9L",44.3290894619048,-78.3042298857143,6305
"731","K9V",44.3588982085402,-78.7407944121152,26504
"732","L0A",44.098417375,-78.55065215625,13492
"733","L0B",43.9188951923077,-79.1172889230769,15028
"734","L0C",44.1521866,-79.11539456,8972
"735","L0E",44.2425335357143,-79.2887766071429,19503
"736","L0G",44.0195618809524,-79.5469182142857,41086
"737","L0H",43.881035037037,-79.2852378888889,3411
"738","L0J",43.7944407083333,-79.6052675416667,4902
"739","L0K",44.5768253333333,-79.6001310588235,34064
"740","L0L",44.429264296875,-79.689646015625,44340
"741","L0M",44.3290640606061,-79.9245184545455,32752
"742","L0N",44.0500798780488,-80.0515847560976,19512
"743","L0P",43.6047066666667,-79.8776096060606,8089
"744","L0R",43.23833775,-79.74640353125,87424
"745","L0S",43.0565589565217,-79.2338393695652,51669
"746","L0V",43.878649,-79.424956,0
"747","L1A",43.9561410935484,-78.3106773580645,14808
"748","L1B",43.911569560241,-78.6139446204819,10768
"749","L1C",43.9157904675468,-78.6895678360836,39347
"750","L1E",43.905576130621,-78.7942239571734,24860
"751","L1G",43.9169618598775,-78.861198729709,40859
"752","L1H",43.8926769119718,-78.8429647626761,31177
"753","L1J",43.8907372326414,-78.8748153421618,42215
"754","L1K",43.9333344241245,-78.8459460836576,32648
"755","L1L",43.94303696875,-78.923283125,2959
"756","L1M",43.9587973185596,-78.9638237174515,19534
"757","L1N",43.8825110011976,-78.9319207077844,46572
"758","L1P",43.8906499644444,-78.9710141111111,16456
"759","L1R",43.9107288472469,-78.9422152166963,38444
"760","L1S",43.8427712614274,-79.0224309174018,40462
"761","L1T",43.8708846229117,-79.045014221957,47818
"762","L1V",43.8342682613151,-79.1048621033305,52312
"763","L1W",43.818920931338,-79.0879022658451,16907
"764","L1X",43.8540698505435,-79.093645138587,16502
"765","L1Y",43.9563004807692,-79.0794674230769,2009
"766","L1Z",43.8731508312102,-79.0134106719745,21010
"767","L2A",42.909752815062,-78.9382189923737,16527
"768","L2E",43.1042304006938,-79.0846507328708,20525
"769","L2G",43.0776964653938,-79.0888341010342,25477
"770","L2H",43.0974975826772,-79.1308827125984,21462
"771","L2J",43.1281063434022,-79.1061161128776,14586
"772","L2M",43.1948777611111,-79.2199219626984,32511
"773","L2N",43.1942297978369,-79.2516498144759,31103
"774","L2P",43.1510618828829,-79.2163894954955,13830
"775","L2R",43.1666844140234,-79.2467574674457,24345
"776","L2S",43.1493209865772,-79.2594294161074,18622
"777","L2T",43.1396917589134,-79.2256720101868,9937
"778","L2V",43.1174580077419,-79.2086690929032,15523
"779","L2W",43.1854777555556,-79.2946036888889,2049
"780","L3B",42.9882170480082,-79.2412878110317,22368
"781","L3C",43.0021981396321,-79.264306611204,30541
"782","L3K",42.8944545791667,-79.25480969375,18479
"783","L3M",43.1987793888255,-79.560091995439,24906
"784","L3P",43.8805020166909,-79.262432712627,39205
"785","L3R",43.8501328741722,-79.3237254530905,62393
"786","L3S",43.8427829943583,-79.2713138434415,57644
"787","L3T",43.8218392321569,-79.3949890980392,48039
"788","L3V",44.6072328228043,-79.4188849784284,43564
"789","L3X",44.0405922229299,-79.4735797622081,37567
"790","L3Y",44.0584924771954,-79.4584134166099,45294
"791","L3Z",44.111551888454,-79.570373555773,26570
"792","L4A",43.9712236838366,-79.2659032007105,33943
"793","L4B",43.8554071100671,-79.402715833557,35432
"794","L4C",43.8701914643262,-79.4387132984145,71220
"795","L4E",43.9391941463687,-79.4573021463687,44440
"796","L4G",43.995326557377,-79.4684898353204,53203
"797","L4H",43.8274945714286,-79.5871782533137,58066
"798","L4J",43.8130199335038,-79.4500789117647,76944
"799","L4K",43.8108720749465,-79.5060946391863,15822
"800","L4L",43.7925262402477,-79.5796105851393,55424
"801","L4M",44.3947453135662,-79.6743698359058,44334
"802","L4N",44.3678139641676,-79.6940672712238,95129
"803","L4P",44.2233442909968,-79.469006733119,27874
"804","L4R",44.7388426577103,-79.8802012231308,17911
"805","L4S",43.8888969241706,-79.4250779099526,34449
"806","L4T",43.7177744486983,-79.6478354915773,39097
"807","L4V",43.7653228514851,-79.6759305891089,0
"808","L4W",43.6395768862069,-79.6205574390805,21479
"809","L4X",43.6200692165775,-79.5831007513369,19747
"810","L4Y",43.6082917366819,-79.5927569969559,23989
"811","L4Z",43.6149057556904,-79.644652323217,37331
"812","L5A",43.5863680093168,-79.6110546009317,47249
"813","L5B",43.5784611556474,-79.6303111556474,59396
"814","L5C",43.5647814977843,-79.6500358818316,30589
"815","L5E",43.5818911441441,-79.5642251824324,12689
"816","L5G",43.5648006589928,-79.5836953136691,20174
"817","L5H",43.5405246702454,-79.6170851226994,17996
"818","L5J",43.5176048350072,-79.634390527977,28518
"819","L5K",43.5287468626866,-79.6618109223881,14271
"820","L5L",43.5362682251586,-79.6920422526427,45572
"821","L5M",43.5664823659218,-79.7168314916201,98792
"822","L5N",43.5881800966149,-79.7563608349788,85120
"823","L5P",43.6829392241379,-79.6443946206897,5
"824","L5R",43.6059828963415,-79.6679945289634,37198
"825","L5S",43.6733441764706,-79.6749462205882,5
"826","L5T",43.6543266967419,-79.6700585588972,17
"827","L5V",43.5985078714597,-79.6891789498911,50765
"828","L5W",43.6305526795367,-79.7161692664093,23453
"829","L6A",43.8553150501165,-79.5135035454545,77186
"830","L6B",43.8752293333333,-79.2504981150794,22938
"831","L6C",43.8867386484962,-79.3444635112782,40572
"832","L6E",43.8938206555891,-79.2794511963746,26917
"833","L6G",43.8224202621359,-79.3681721553398,3944
"834","L6H",43.477581766537,-79.7031534661479,59917
"835","L6J",43.4692630142857,-79.6598376968254,24871
"836","L6K",43.441713397482,-79.687882073741,12392
"837","L6L",43.407774145946,-79.7111304171171,28659
"838","L6M",43.4461768894793,-79.7396089256111,56689
"839","L6P",43.7816491827485,-79.6995989561403,61932
"840","L6R",43.754665461305,-79.753441,79689
"841","L6S",43.7333108965184,-79.7306396247582,54498
"842","L6T",43.7096394531915,-79.7047456297872,37509
"843","L6V",43.702610941691,-79.7595712900875,42209
"844","L6W",43.6776864585714,-79.7359581842857,22194
"845","L6X",43.6819364207709,-79.7849193897216,54217
"846","L6Y",43.6598274925816,-79.7526098466864,74362
"847","L6Z",43.7256402791946,-79.7933160604027,32228
"848","L7A",43.7030697322239,-79.8227069712557,65043
"849","L7B",43.9269072017544,-79.5467152631579,7967
"850","L7C",43.7965009364845,-79.8737214608567,16734
"851","L7E",43.893859005618,-79.7577983089888,34570
"852","L7G",43.6478571786744,-79.9089065341018,44150
"853","L7J",43.6334612061856,-80.03600975,13692
"854","L7K",43.8704144140787,-79.9982397846791,8331
"855","L7L",43.3756408334674,-79.7639194360418,45039
"856","L7M",43.381169322905,-79.8156517039106,44646
"857","L7N",43.3545417269303,-79.7772863201507,12920
"858","L7P",43.3602201410891,-79.8364188873762,28461
"859","L7R",43.3382232183755,-79.7994651930759,16547
"860","L7S",43.3277463550725,-79.8088629891304,11905
"861","L7T",43.313583627907,-79.8397743364341,16215
"862","L8E",43.2279836849037,-79.721521710233,38320
"863","L8G",43.2178880141026,-79.7457020128205,21661
"864","L8H",43.2475816827644,-79.7964689750208,26285
"865","L8J",43.1900238351449,-79.7717125597826,21410
"866","L8K",43.2274640437318,-79.7999743760933,31832
"867","L8L",43.2588678761468,-79.8448686169725,32279
"868","L8M",43.2475882688172,-79.8368045612903,13835
"869","L8N",43.2548033259005,-79.8565745471698,14794
"870","L8P",43.253462918956,-79.880490603022,21950
"871","L8R",43.260629376392,-79.8732609020045,10523
"872","L8S",43.2584577069219,-79.9129860662739,14494
"873","L8T",43.2239536034946,-79.8300403736559,19158
"874","L8V",43.2277664667571,-79.8489929280868,21325
"875","L8W",43.2022704578097,-79.8503886840215,25686
"876","L9A",43.2321399334975,-79.8686703522168,24409
"877","L9B",43.2145401958763,-79.8868612371134,20827
"878","L9C",43.2310945070866,-79.9022695377953,39951
"879","L9G",43.2200941521456,-79.9820162457737,22956
"880","L9H",43.2725451085526,-79.95636203125,31593
"881","L9J",43.4989505632184,-79.8544983103448,258
"882","L9K",43.2377036486486,-79.9263742648649,11066
"883","L9L",44.0547215873016,-79.0287911904762,14663
"884","L9M",44.7348318395904,-79.9342437167236,14185
"885","L9N",44.0838451627907,-79.5176887383721,10484
"886","L9P",44.0828065682819,-79.1526933656388,16649
"887","L9R",44.1466709039735,-79.8537970463576,17469
"888","L9S",44.3270193420026,-79.5803345370611,25462
"889","L9T",43.5147756885355,-79.868471,78910
"890","L9V",44.043312277027,-80.1543045,899
"891","L9W",43.9190892701476,-80.1050499511918,36808
"892","L9Y",44.4874656627409,-80.2245005321199,21691
"893","L9Z",44.496894724605,-80.0428857471783,17513
"894","M1B",43.8057806408451,-79.2076936438632,67251
"895","M1C",43.7868746459627,-79.1555472409938,35601
"896","M1E",43.7654486295844,-79.1920190403423,46398
"897","M1G",43.7674448285714,-79.2192576857143,30243
"898","M1H",43.7646749646799,-79.2454145320088,23706
"899","M1J",43.7453623780488,-79.2381066341463,36163
"900","M1K",43.7288120470297,-79.263985769802,47286
"901","M1L",43.7092828285322,-79.2845536351166,32981
"902","M1M",43.7263593381818,-79.2337557872727,22919
"903","M1N",43.6968527108844,-79.2648442908163,21505
"904","M1P",43.7592068408521,-79.2714912368421,43305
"905","M1R",43.7462694244521,-79.3055752064591,28943
"906","M1S",43.7924387795874,-79.2709531085776,36505
"907","M1T",43.7815032318008,-79.3038055421456,34364
"908","M1V",43.8170284399538,-79.2820629237875,56313
"909","M1W",43.797903754386,-79.3208172298246,49590
"910","M1X",43.8255326049383,-79.2238396419753,14744
"911","M2H",43.8000733722334,-79.3594880100604,25331
"912","M2J",43.7799196520619,-79.3480700876289,54104
"913","M2K",43.774662816092,-79.3894265149425,19897
"914","M2L",43.7521035917808,-79.383884460274,12025
"915","M2M",43.7886462677279,-79.412478081042,32696
"916","M2N",43.769074535095,-79.4105562535095,67114
"917","M2P",43.7485671836735,-79.3994587591837,7813
"918","M2R",43.7785307182836,-79.4373372257463,39583
"919","M3A",43.7529147592319,-79.3300387799114,34435
"920","M3B",43.745443238193,-79.3580048172485,13499
"921","M3C",43.7253078294574,-79.3437494573643,38289
"922","M3H",43.7516785372973,-79.4465808172973,34535
"923","M3J",43.7625641101243,-79.482511053286,25356
"924","M3K",43.7339684911504,-79.4670576902655,5889
"925","M3L",43.7343105076923,-79.5084556923077,18000
"926","M3M",43.7305069933185,-79.4907528485523,23727
"927","M3N",43.7551134529262,-79.5164154961832,42762
"928","M4A",43.7255784492754,-79.3142853391304,14150
"929","M4B",43.7073614486373,-79.3084687484277,18453
"930","M4C",43.6905510531178,-79.3136769503464,45822
"931","M4E",43.679405862963,-79.2969294685185,24598
"932","M4G",43.7062702850163,-79.3702637882736,18030
"933","M4H",43.7043646043165,-79.3510436834532,18478
"934","M4J",43.6867880530504,-79.3370208037135,35146
"935","M4K",43.6840701625874,-79.3583331153846,31624
"936","M4L",43.6727043610619,-79.3194642884956,31544
"937","M4M",43.6635522906504,-79.3468818922764,23135
"938","M4N",43.7260256772277,-79.3967496851485,15194
"939","M4P",43.7080849404762,-79.3971834428571,19185
"940","M4R",43.7126963192308,-79.4048024230769,11048
"941","M4S",43.6992611647059,-79.3954710258824,25627
"942","M4T",43.687669713881,-79.3906164730878,10094
"943","M4V",43.684465539759,-79.3978427301205,17271
"944","M4W",43.676503207767,-79.3824391514563,14022
"945","M4X",43.6685089479769,-79.3695751040462,20387
"946","M4Y",43.6719930287206,-79.3787118772846,26207
"947","M5A",43.6557249758523,-79.3677641818182,34649
"948","M5B",43.6580014683544,-79.3801892911392,11352
"949","M5C",43.6542640169014,-79.3991903802817,2974
"950","M5E",43.6490878935185,-79.3794461944444,6436
"951","M5G",43.65825346875,-79.3854905902778,7001
"952","M5H",43.6496712129032,-79.3994616731183,1027
"953","M5J",43.6473468523677,-79.3828899665738,10454
"954","M5K",43.6488431416667,-79.3922398083333,5
"955","M5L",43.6529132553192,-79.3849507553191,5
"956","M5M",43.7302758412214,-79.4177793450382,25852
"957","M5N",43.7091971253133,-79.4183219598997,16349
"958","M5P",43.6955887369565,-79.4112322826087,18343
"959","M5R",43.6730973478261,-79.4019943695652,25056
"960","M5S",43.6640734489796,-79.3978646371882,13690
"961","M5T",43.6536587877462,-79.3973389846827,18705
"962","M5V",43.6461252819237,-79.3981786716418,30669
"963","M5W",43.6476934360731,-79.3766632431507,5
"964","M5X",43.6551053535353,-79.3809275959596,5
"965","M6A",43.7171649924812,-79.4530513909774,19754
"966","M6B",43.7067012236025,-79.446052257764,29236
"967","M6C",43.6888072530541,-79.4373805357766,24256
"968","M6E",43.6886344040816,-79.4489701020408,37920
"969","M6G",43.6699238871528,-79.4179364930555,32075
"970","M6H",43.6658346314961,-79.4349592850394,42856
"971","M6J",43.6511201697417,-79.4121299723247,28949
"972","M6K",43.6430563479125,-79.4283795944334,35320
"973","M6L",43.7138431980676,-79.4858516570048,20807
"974","M6M",43.6929917934919,-79.4796513329161,41954
"975","M6N",43.6757561939163,-79.4781808352345,41312
"976","M6P",43.6621015454545,-79.4582320535714,37959
"977","M6R",43.6478795793451,-79.4474402015113,19439
"978","M6S",43.6516342942779,-79.4835360013624,31548
"979","M7A",43.6647058467153,-79.3880658905109,0
"980","M7Y",43.7229389768683,-79.2821753985765,0
"981","M8V",43.607612545302,-79.4997669312081,31921
"982","M8W",43.6016310582524,-79.5361528044383,20046
"983","M8X",43.6518546521739,-79.5108528070652,10481
"984","M8Y",43.6341701145663,-79.4971736775777,19805
"985","M8Z",43.6298168562162,-79.5174676302703,15302
"986","M9A",43.6662132753442,-79.5244261576971,33520
"987","M9B",43.6523668737575,-79.5509644821074,30182
"988","M9C",43.6431010699301,-79.5766747564103,36672
"989","M9L",43.7567602075472,-79.5592513881402,11998
"990","M9M",43.7386791575179,-79.5265072959427,20681
"991","M9N",43.7042713291367,-79.5123981726619,24946
"992","M9P",43.6917392965116,-79.5327021996124,20970
"993","M9R",43.6881682396552,-79.5559911051724,32581
"994","M9V",43.7401786793409,-79.5810260937896,55949
"995","M9W",43.7178320025862,-79.5805767094828,41164
"996","N0A",42.991244,-80.0973295,35928
"997","N0B",43.5243008913043,-80.4572524130435,75175
"998","N0C",44.0630633214286,-80.673918,16031
"999","N0E",43.0127511666667,-80.3240670666667,34754
"1000","N0G",43.9877396785714,-81.0679458392857,82117
"1001","N0H",44.5382919,-81.0203503333333,46602
"1002","N0J",43.0302937241379,-80.6308382068966,31501
"1003","N0K",43.4930159230769,-81.129974,24169
"1004","N0L",42.8439379464286,-81.2839485892857,48404
"1005","N0M",43.3160949661017,-81.4872165932203,64473
"1006","N0N",43.122100075,-83.1258426,40813
"1007","N0P",42.4199273170732,-82.1626854390244,53122
"1008","N0R",42.2572956666667,-82.5503881190476,43966
"1009","N1A",42.9085751014151,-79.6165828231132,11848
"1010","N1C",43.4976880655738,-80.2352954098361,3756
"1011","N1E",43.5621016278317,-80.2434152354369,36540
"1012","N1G",43.5203061164466,-80.231397210084,25879
"1013","N1H",43.5424975092387,-80.2661189453067,42288
"1014","N1K",43.5292498520408,-80.2903911683673,8682
"1015","N1L",43.509204115,-80.20136161,11650
"1016","N1M",43.7020835738636,-80.3853911287879,15145
"1017","N1P",43.3418463571429,-80.2682995833333,7101
"1018","N1R",43.3650405690162,-80.3069849941263,41728
"1019","N1S",43.3533213862719,-80.3285578236877,19068
"1020","N1T",43.3906518623188,-80.2973974021739,16373
"1021","N2A",43.4390874984985,-80.4318642447447,27195
"1022","N2B",43.459413219697,-80.4526676685606,16818
"1023","N2C",43.4253994305949,-80.4530142067989,14535
"1024","N2E",43.4124041153263,-80.4937391578149,37660
"1025","N2G",43.444020403385,-80.4917605007052,12933
"1026","N2H",43.4557858825243,-80.4834214485437,20770
"1027","N2J",43.4717794211956,-80.5113386345109,17270
"1028","N2K",43.4961375775076,-80.4991365151976,26093
"1029","N2L",43.4711132786561,-80.5387939031621,25261
"1030","N2M",43.438215940688,-80.5084403795967,32875
"1031","N2N",43.4263203636364,-80.5361613752418,26351
"1032","N2P",43.3928827613941,-80.4282428525469,18160
"1033","N2R",43.3954494252336,-80.4548668691589,7492
"1034","N2T",43.4543898078947,-80.5704238921053,20031
"1035","N2V",43.4910594945055,-80.563555532967,15720
"1036","N2Z",44.1750435686275,-81.6328085182073,10506
"1037","N3A",43.3845301563422,-80.7045710280236,14664
"1038","N3B",43.5940701213389,-80.5632632322176,11881
"1039","N3C",43.4287485830904,-80.3070171020408,26517
"1040","N3E",43.3828050357143,-80.3808842142857,317
"1041","N3H",43.3950932491269,-80.3553470814901,21425
"1042","N3L",43.1970989865093,-80.383624989882,14109
"1043","N3P",43.1842093705584,-80.235728319797,8885
"1044","N3R",43.1680718140625,-80.2688977953125,34290
"1045","N3S",43.1390981875994,-80.2444552170111,24713
"1046","N3T",43.1391528460812,-80.2739958611898,30881
"1047","N3V",43.1852509333333,-80.309687,1617
"1048","N3W",43.0639563388704,-79.940189717608,13717
"1049","N3Y",42.8397647278177,-80.3063415659472,22080
"1050","N4B",42.8525972931035,-80.4868253029557,7803
"1051","N4G",42.8650621538462,-80.7304395852843,18826
"1052","N4K",44.569368920765,-80.9405349499089,28778
"1053","N4L",44.6027450446927,-80.5979944301676,8008
"1054","N4N",44.1521571077505,-81.0206933591682,9751
"1055","N4S",43.1318651041379,-80.7504875765517,31793
"1056","N4T",43.1500924893617,-80.7372959255319,8828
"1057","N4V",43.1168822702703,-80.7214618513513,2444
"1058","N4W",43.7329862882012,-80.952978311412,10515
"1059","N4X",43.2602837368421,-81.1619366842105,9363
"1060","N4Z",43.3651355223881,-80.9875609104478,2427
"1061","N5A",43.3700689064192,-80.9807325042537,30875
"1062","N5C",43.03791888,-80.88474332,14211
"1063","N5H",42.7732934075829,-80.9853870971564,14820
"1064","N5L",42.6822047763158,-81.2183678157895,2967
"1065","N5P",42.7870533889717,-81.1839093338301,19461
"1066","N5R",42.7689786077075,-81.1784774733202,26971
"1067","N5V",43.0119485141388,-81.175205848329,31509
"1068","N5W",42.9915610392365,-81.1951124814422,22862
"1069","N5X",43.034869713885,-81.2569519845722,29442
"1070","N5Y",43.0120838251366,-81.2276897420765,32401
"1071","N5Z",42.9712585429687,-81.207356359375,23660
"1072","N6A",42.9907804343991,-81.252687923925,10050
"1073","N6B",42.985638,-81.2340079363057,10044
"1074","N6C",42.9611233372973,-81.2432092410811,31085
"1075","N6E",42.9350947054674,-81.2243069982363,27909
"1076","N6G",43.0066482845982,-81.2984118180804,35533
"1077","N6H",42.9814176504854,-81.2954068252427,38452
"1078","N6J",42.9574034387895,-81.272660647868,27029
"1079","N6K",42.9529332439024,-81.3196324197689,33237
"1080","N6L",42.9012121793103,-81.2619219793103,1404
"1081","N6M",42.9653672719298,-81.1612164824561,5314
"1082","N6N",42.9285294916667,-81.13561445,731
"1083","N6P",42.9138589265537,-81.2954279152542,7133
"1084","N7A",43.7393873683386,-81.7086850642633,11662
"1085","N7G",42.9568193037975,-81.6234532531646,18041
"1086","N7L",42.4131795180442,-82.1982426100116,24821
"1087","N7M",42.3974747478992,-82.1779205873016,25541
"1088","N7S",42.9866793019417,-82.3628878067961,28226
"1089","N7T",42.9717477605105,-82.3915049061562,26602
"1090","N7V",43.0013544975767,-82.3894278239095,11996
"1091","N7W",42.9708348055556,-82.3234163888889,1948
"1092","N7X",43.0216587636364,-82.3146527454545,1141
"1093","N8A",42.5947941559633,-82.3870236411825,12482
"1094","N8H",42.0457555988235,-82.5990862105882,26680
"1095","N8M",42.1737503922902,-82.8246563287982,10870
"1096","N8N",42.3116158989899,-82.8763322108586,24541
"1097","N8P",42.3290156596859,-82.900953895288,10784
"1098","N8R",42.3063480186567,-82.913819119403,12134
"1099","N8S",42.3297771766423,-82.9484399080292,21863
"1100","N8T",42.3053379918534,-82.9514718472505,17435
"1101","N8V",42.2938196923077,-82.8640555384615,0
"1102","N8W",42.2904929721293,-82.9870133779264,23969
"1103","N8X",42.2956414189017,-83.0173251570881,15306
"1104","N8Y",42.3182360829082,-82.9938942563775,18581
"1105","N9A",42.3085858783113,-83.0241326448675,24110
"1106","N9B",42.2991839009009,-83.0503805801802,16331
"1107","N9C",42.2903680846154,-83.0680228461538,11119
"1108","N9E",42.2656824953395,-83.0248675565912,20501
"1109","N9G",42.2500549727273,-82.9968343272727,19008
"1110","N9H",42.2384926705202,-83.0218669710983,9352
"1111","N9J",42.2332226920415,-83.0838039861592,18544
"1112","N9K",42.29650426,-82.87178028,2360
"1113","N9V",42.1066168909953,-83.0996408909953,19852
"1114","N9Y",42.0415052746365,-82.7235584668821,14487
"1115","P0A",45.6248471515152,-79.2813540606061,16045
"1116","P0B",45.1352338888889,-79.4006689444444,8841
"1117","P0C",45.2607787647059,-79.9358274117647,3614
"1118","P0E",44.8932521111111,-79.4988083888889,2926
"1119","P0G",45.6284010714286,-80.1497242857143,3452
"1120","P0H",46.3688104285714,-79.6703462380952,30624
"1121","P0J",47.5455636818182,-79.9045335454546,21401
"1122","P0K",48.3294802272727,-80.2991231363636,10986
"1123","P0L",50.0905708235294,-82.2726016470588,23952
"1124","P0M",46.9797921754386,-81.7437654561404,48496
"1125","P0N",48.540345,-81.3514854117647,9941
"1126","P0P",45.8721529722222,-82.2580954444445,19024
"1127","P0R",46.3173496875,-83.4059208125,12136
"1128","P0S",47.5400247142857,-84.7727818571428,9628
"1129","P0T",49.2544867894737,-88.5177045789474,30471
"1130","P0V",51.1175566734694,-92.3014432653061,16347
"1131","P0W",48.8183696666667,-93.8707081333333,6879
"1132","P0X",49.5044704444444,-93.6221211111111,8474
"1133","P0Y",49.7014586666667,-94.9756233333333,63
"1134","P1A",46.2927501651235,-79.4361607762346,17247
"1135","P1B",46.3192311411468,-79.45854610523,34094
"1136","P1C",46.3260353084112,-79.4375763084112,2988
"1137","P1H",45.3372971451104,-79.2152900504732,15960
"1138","P1L",45.0431944588235,-79.3124782196078,16082
"1139","P1P",44.932750865,-79.3727389,9865
"1140","P2A",45.347338057072,-80.0269195012407,12602
"1141","P2B",46.3653982829787,-79.9244253787234,9446
"1142","P2N",48.1454894659794,-80.0321551278351,7424
"1143","P3A",46.5202040538543,-80.9456390454066,24602
"1144","P3B",46.4926147550702,-80.9549056879875,14928
"1145","P3C",46.4941415070423,-81.0073457042253,16657
"1146","P3E",46.4667545819265,-80.9983076633565,26887
"1147","P3G",46.4211062616822,-80.9890893457944,3783
"1148","P3L",46.5556689874214,-80.8718309874214,8012
"1149","P3N",46.6097350434783,-81.0089250869565,8022
"1150","P3P",46.6340873366834,-80.9595754321608,15210
"1151","P3Y",46.4136289016393,-81.1357167704918,7502
"1152","P4N",48.4777902140275,-81.3355749833695,27098
"1153","P4P",48.4970698870968,-81.3480640806452,3108
"1154","P4R",48.4758971666667,-81.3782894912281,3320
"1155","P5A",46.378102454,-82.650881782,11348
"1156","P5E",46.2539425555556,-81.7717606518518,5600
"1157","P5N",49.4164698329412,-82.4162987458824,8350
"1158","P6A",46.5140428432631,-84.3034781594867,35692
"1159","P6B",46.5249406368209,-84.3148966830986,23271
"1160","P6C",46.5360253420777,-84.3675220451207,19839
"1161","P7A",48.4522028728814,-89.2167977318952,26689
"1162","P7B",48.4306568859246,-89.2443812217111,27018
"1163","P7C",48.3903195556757,-89.2630797491892,24806
"1164","P7E",48.3744896151659,-89.2782491421801,21469
"1165","P7G",48.4583166100386,-89.2967451930502,9292
"1166","P7J",48.3332940384615,-89.3218961153846,4007
"1167","P7K",48.3686682990654,-89.3620907383178,4307
"1168","P7L",48.204464893617,-89.5229101914894,1898
"1169","P8N",49.7807439011236,-92.8342421910112,10588
"1170","P8T",50.0988283214286,-91.9281468333333,4743
"1171","P9A",48.6122645076628,-93.3968615938697,10371
"1172","P9N",49.77404169,-94.4724209342857,14505
"1173","R0A",49.4206080882353,-96.8280193823529,39436
"1174","R0B",55.1308435,-97.76974276,45474
"1175","R0C",50.9322168714286,-97.6139279857143,51773
"1176","R0E",50.2041336666667,-96.383151122807,42836
"1177","R0G",49.45061078125,-97.93270634375,42736
"1178","R0H",50.1064376756757,-98.4131071621622,15801
"1179","R0J",50.57888975,-100.22316125,26677
"1180","R0K",49.6357050208333,-99.6789431666667,26828
"1181","R0L",51.6532912692308,-100.333563,27986
"1182","R0M",49.6925983137255,-100.872663901961,19792
"1183","R1A",50.1248860776471,-96.928432882353,20913
"1184","R1B",50.082358,-96.934051,212
"1185","R1N",49.9728309735799,-98.2920181545575,16453
"1186","R2C",49.8975487497603,-97.0103239472675,32930
"1187","R2E",49.9721312864865,-97.0292797945946,9090
"1188","R2G",49.9413299193742,-97.0670003730445,32622
"1189","R2H",49.8824516102484,-97.1187082826087,15525
"1190","R2J",49.8657666095017,-97.0748031135574,25072
"1191","R2K",49.9208734769776,-97.085122488784,32838
"1192","R2L",49.9077689605568,-97.1004538352668,14921
"1193","R2M",49.8428149420423,-97.1126428123275,37895
"1194","R2N",49.8107378110345,-97.100593102069,27732
"1195","R2P",49.9563408188153,-97.1670106951219,27925
"1196","R2R",49.9359884377359,-97.2064024377358,20036
"1197","R2V",49.9444571253952,-97.1227634762908,33973
"1198","R2W",49.9176829174664,-97.1332062975048,28736
"1199","R2X",49.9308983766667,-97.16725482,17622
"1200","R2Y",49.8923938435518,-97.2993354968287,19853
"1201","R3A",49.9027636893204,-97.1468954174757,4293
"1202","R3B",49.8964544666667,-97.1418143614815,12596
"1203","R3C",49.891112688326,-97.1406110495595,16463
"1204","R3E",49.9082001713092,-97.1758898830084,18804
"1205","R3G",49.8871599157143,-97.17679429,24830
"1206","R3H",49.9025548525896,-97.2090581394422,127
"1207","R3J",49.8824486688228,-97.2409942315653,26912
"1208","R3K",49.8768397767857,-97.292393171875,12233
"1209","R3L",49.8692774480874,-97.1368565282332,19923
"1210","R3M",49.8649997681347,-97.1634658911917,22101
"1211","R3N",49.8648509273608,-97.1949145762712,16469
"1212","R3P",49.8472582076923,-97.2044521346154,18706
"1213","R3R",49.857430557047,-97.2832883033557,25068
"1214","R3S",49.8393510833333,-97.263675,477
"1215","R3T",49.8151950681818,-97.1546558072391,45631
"1216","R3V",49.766880420765,-97.1590428961749,6194
"1217","R3W",49.9072472528736,-97.0492038735632,6806
"1218","R3X",49.8316438163934,-97.0638437344262,14251
"1219","R3Y",49.8118353053097,-97.1967915265487,11570
"1220","R4A",50.0106087719298,-97.1003196666667,3833
"1221","R4H",49.8726908072289,-97.3781346506024,2290
"1222","R4J",49.8561890434783,-97.3995275217391,925
"1223","R4K",49.8888172083333,-97.5415419583333,956
"1224","R4L",49.9838187037037,-97.7071085185185,1094
"1225","R5A",49.7160991587302,-97.0830528730159,2910
"1226","R5G",49.5277600576441,-96.6898408546366,20128
"1227","R5H",49.6665818513514,-96.6351383513513,5333
"1228","R6M",49.1928871755725,-98.1071143015267,8953
"1229","R6W",49.1782004024024,-97.943987009009,18155
"1230","R7A",49.843764153951,-99.9411425177112,27240
"1231","R7B",49.8389135584577,-99.9765209614428,20371
"1232","R7C",49.8755954716981,-99.9540225471698,2295
"1233","R7N",51.1507330851064,-100.048890969605,10138
"1234","R8A",54.7712129323529,-101.857137655882,5726
"1235","R8N",55.7441318132678,-97.8614129262899,13223
"1236","R9A",53.8166439259259,-101.248266478395,7557
"1237","S0A",51.4030861553398,-102.930254912621,53779
"1238","S0C",49.4088611754386,-103.11023777193,22639
"1239","S0E",52.923959425,-103.832815275,33842
"1240","S0G",50.5240897327586,-104.098519215517,62425
"1241","S0H",50.0836204421053,-106.198171642105,22644
"1242","S0J",54.141460942029,-105.960867333333,48872
"1243","S0K",52.2665489912281,-106.306462605263,80672
"1244","S0L",51.4942116578947,-108.529094447368,30995
"1245","S0M",53.7324523013699,-108.705807794521,47554
"1246","S0N",50.0856580625,-108.541586015625,21388
"1247","S0P",55.4971350833333,-102.436302583333,7640
"1248","S2V",50.74113028,-104.83067688,730
"1249","S3N",51.209581794686,-102.46974375,17930
"1250","S4A",49.142637287234,-102.990288212766,12218
"1251","S4H",49.6679797836257,-103.854287495614,11153
"1252","S4L",50.442653755102,-104.435017142857,4696
"1253","S4N",50.4532670638012,-104.570326014103,29456
"1254","S4P",50.4494297411348,-104.602147190307,13082
"1255","S4R",50.4784250096212,-104.62405348166,34587
"1256","S4S",50.4161141333809,-104.620359338088,33861
"1257","S4T",50.4585015822785,-104.644548385743,31971
"1258","S4V",50.4321233919129,-104.549841916019,24082
"1259","S4W",50.421042238806,-104.647170597015,510
"1260","S4X",50.4916147477124,-104.671769724183,23786
"1261","S4Y",50.4778130470588,-104.689573752941,3329
"1262","S4Z",50.4554946666667,-104.5418316,459
"1263","S6H",50.3930576271732,-105.547537837733,28072
"1264","S6J",50.4147936173913,-105.538971147826,4626
"1265","S6K",50.3792403703704,-105.583674888889,1066
"1266","S6V",53.1959011455696,-105.73850700443,40964
"1267","S6W",53.0797581,-105.8306453,17
"1268","S6X",53.1932158888889,-105.824246805556,1653
"1269","S7H",52.1151172978339,-106.615402309567,35836
"1270","S7J",52.0979321877395,-106.625627454023,31368
"1271","S7K",52.1556482855392,-106.639326167279,38721
"1272","S7L",52.1418010320334,-106.70254152507,38684
"1273","S7M",52.1304709424269,-106.723187609389,30525
"1274","S7N",52.1340448819939,-106.608680196338,28546
"1275","S7P",52.1948178139535,-106.63044244186,172
"1276","S7R",52.154536973913,-106.688567252174,2568
"1277","S7S",52.1524556287879,-106.590815265152,5919
"1278","S7T",52.0633915891473,-106.623539868217,6000
"1279","S7V",52.1062967,-106.569867109091,7096
"1280","S7W",52.1517032213115,-106.564359040984,5265
"1281","S9A",52.7783302380336,-108.295004182406,14986
"1282","S9H",50.2872799214953,-107.797135926168,17409
"1283","S9V",53.2746631051402,-110.009209016355,11936
"1284","S9X",54.12776589,-108.43520373,7760
"1285","T0A",54.4229765098039,-111.838363088235,53574
"1286","T0B",53.0478881858407,-111.704644513274,62661
"1287","T0C",52.7040026901408,-113.209866352113,60451
"1288","T0E",53.5375591857143,-115.534324628571,41713
"1289","T0G",54.8730215441176,-114.530803735294,43274
"1290","T0H",56.184535875,-118.033064354167,81716
"1291","T0J",51.0522690510204,-111.967591163265,48728
"1292","T0K",49.5422609666667,-112.7212492,54122
"1293","T0L",50.6214501184211,-113.9740725,55444
"1294","T0M",51.9538100632911,-114.12333664557,67012
"1295","T0P",57.221108,-111.600401833333,2851
"1296","T0V",59.8622089285714,-111.630975214286,10
"1297","T1A",50.0356162660767,-110.680756700295,25552
"1298","T1B",50.0069274200477,-110.656885711217,29851
"1299","T1C",50.0602357251908,-110.680127251908,9009
"1300","T1G",49.7912812482759,-112.142835986207,10545
"1301","T1H",49.7133191606218,-112.819279965211,25137
"1302","T1J",49.6924150437811,-112.827173981095,17674
"1303","T1K",49.678482007129,-112.833235995463,43467
"1304","T1L",51.1778123333333,-115.569275574713,7584
"1305","T1M",49.7390587857143,-112.632025616883,9629
"1306","T1P",51.0532352857143,-113.3945218125,15266
"1307","T1R",50.5736382026578,-111.905375953488,16462
"1308","T1S",50.7196915595855,-113.963505593264,28732
"1309","T1V",50.5841701575092,-113.869413952381,15240
"1310","T1W",51.0845291333333,-115.344831885185,12662
"1311","T1X",51.0584590681818,-113.841659878788,16599
"1312","T1Y",51.0750076049285,-113.967916107313,54571
"1313","T1Z",50.9894475714286,-113.850937,68
"1314","T2A",51.0530187674419,-113.976624199612,56898
"1315","T2B",51.0276190395778,-113.996476766491,22731
"1316","T2C",50.9875150719844,-113.993769879377,19219
"1317","T2E",51.0669634515235,-114.040415883102,32555
"1318","T2G",51.0346380751812,-114.049044769022,12349
"1319","T2H",50.9967629408946,-114.056133148562,8512
"1320","T2J",50.9449986498952,-114.038822414396,46722
"1321","T2K",51.0954688938776,-114.068376151837,34319
"1322","T2L",51.0888355571726,-114.120476738046,12887
"1323","T2M",51.0645503441423,-114.086372183054,19445
"1324","T2N",51.0633574565884,-114.096291374872,23247
"1325","T2P",51.0540481541389,-114.069024859182,12305
"1326","T2R",51.0445376763848,-114.073132947522,12645
"1327","T2S",51.0297608722741,-114.072885339564,14368
"1328","T2T",51.0361472949527,-114.095737051262,27337
"1329","T2V",50.9830672159848,-114.095494569933,32351
"1330","T2W",50.9483529583673,-114.106671156735,42689
"1331","T2X",50.9020616433566,-114.047933507692,34049
"1332","T2Y",50.9123093188248,-114.095065665941,57965
"1333","T2Z",50.923290403397,-113.972429585987,55742
"1334","T3A",51.1190033970468,-114.144944968827,52765
"1335","T3B",51.0857111790917,-114.176344459297,35892
"1336","T3C",51.0465250106101,-114.112359295756,22173
"1337","T3E",51.0248231120747,-114.118075092728,38787
"1338","T3G",51.1347841871921,-114.1917628867,57277
"1339","T3H",51.0447703870674,-114.188502690346,62084
"1340","T3J",51.1129781089005,-113.951688625131,65518
"1341","T3K",51.1474234924242,-114.077735015993,72609
"1342","T3L",51.1203942065934,-114.231910778022,29085
"1343","T3M",50.8930908220065,-113.972667229773,17635
"1344","T3N",51.142250787234,-113.966050670213,2035
"1345","T3P",51.1745247523809,-114.109994904762,6304
"1346","T3R",51.1675744557522,-114.18831349115,12446
"1347","T3S",50.9891982,-113.946388133333,330
"1348","T3Z",51.0808877643885,-114.316402661871,10397
"1349","T4A",51.2797447720798,-113.986392042735,10783
"1350","T4B",51.2893657040359,-114.027208520179,33992
"1351","T4C",51.2178304136253,-114.477275484185,22350
"1352","T4E",52.2447548918919,-113.715778756757,850
"1353","T4G",52.0265871028037,-113.953774098131,11861
"1354","T4H",51.7967543449782,-114.111677816594,10789
"1355","T4J",52.6719479206349,-113.584750174603,10259
"1356","T4L",52.46371196793,-113.739085268222,15887
"1357","T4N",52.264741837358,-113.812545558239,32888
"1358","T4P",52.2917340491573,-113.818295738764,27573
"1359","T4R",52.2543046374368,-113.774467077572,33673
"1360","T4S",52.2955284742547,-114.057405230352,17360
"1361","T4T",52.3684925863874,-114.89894817801,15112
"1362","T4V",53.0129485080558,-112.836611950591,19167
"1363","T4X",53.3580285636364,-113.417238690909,13284
"1364","T5A",53.5777958509317,-113.433970331263,33829
"1365","T5B",53.5558185870348,-113.479128744298,15561
"1366","T5C",53.5840396401799,-113.47403243928,16181
"1367","T5E",53.5827779858804,-113.508605290698,30726
"1368","T5G",53.5609181243942,-113.506794919225,12323
"1369","T5H",53.5448638863362,-113.495698304716,26205
"1370","T5J",53.5276169413119,-113.498849812428,4293
"1371","T5K",53.5356621485714,-113.510162786667,22165
"1372","T5L",53.5851212376963,-113.546636413613,16400
"1373","T5M",53.5659398500669,-113.548714771084,14450
"1374","T5N",53.5569436765499,-113.543511799191,14367
"1375","T5P",53.559793836689,-113.572905459732,20240
"1376","T5R",53.5416232169898,-113.557144182825,25444
"1377","T5S",53.5520064597403,-113.640187997403,2885
"1378","T5T",53.5157761511076,-113.638887951741,59004
"1379","T5V",53.5811426626506,-113.591426024096,122
"1380","T5W",53.5412800020747,-113.447830298755,20507
"1381","T5X",53.6033981187625,-113.537618799401,36989
"1382","T5Y",53.6066218521739,-113.405610330435,36578
"1383","T5Z",53.5954134791319,-113.519640262104,26315
"1384","T6A",53.5327192506849,-113.448881589041,14710
"1385","T6B",53.5174776860987,-113.431880880419,9182
"1386","T6C",53.5218343789847,-113.460118004723,19936
"1387","T6E",53.5096018610197,-113.479755181743,22138
"1388","T6G",53.5030047495362,-113.51961987013,11824
"1389","T6H",53.5076337649219,-113.51207340955,31184
"1390","T6J",53.4733493510878,-113.504919175544,46809
"1391","T6K",53.464869003937,-113.447885368766,29564
"1392","T6L",53.4621694758983,-113.414208513585,52290
"1393","T6M",53.4874409337607,-113.643051485043,22417
"1394","T6N",53.4607413934426,-113.485994286885,10
"1395","T6P",53.5030972783019,-113.382851943396,1872
"1396","T6R",53.4598821007634,-113.578569329771,40934
"1397","T6S",53.5626398923077,-113.362961476923,37
"1398","T6T",53.4704480503145,-113.390109742138,24190
"1399","T6V",53.6154343888889,-113.580005976852,15171
"1400","T6W",53.4257769822785,-113.549845797468,22006
"1401","T6X",53.4390448934708,-113.469012216495,16954
"1402","T7A",53.2258383485714,-114.969359102857,12045
"1403","T7E",53.5842236020408,-116.417281209184,12767
"1404","T7N",54.1055706355932,-114.400644169492,7836
"1405","T7P",54.1547253409091,-113.855727743506,7766
"1406","T7S",54.1185534739583,-115.670903052083,12233
"1407","T7V",53.4049559333333,-117.570230083333,10440
"1408","T7X",53.5485996168831,-113.899521603896,34870
"1409","T7Y",53.4410389315069,-113.845197917808,6336
"1410","T7Z",53.5265182890995,-114.010773805687,23429
"1411","T8A",53.525984379107,-113.292173998315,44954
"1412","T8B",53.4801012264151,-113.29069504717,6419
"1413","T8C",53.4612196666667,-113.203092388889,4414
"1414","T8E",53.5154962913907,-113.134676774834,8189
"1415","T8G",53.47353926,-113.01025098,5064
"1416","T8H",53.5519388894009,-113.280323665899,22995
"1417","T8L",53.7021020054645,-113.222227105191,21254
"1418","T8N",53.6436739933921,-113.632724427313,61544
"1419","T8R",53.7909279435898,-113.638807661538,12813
"1420","T8S",56.231582328125,-117.288442291667,8349
"1421","T8T",53.6288311363636,-113.673326590909,5362
"1422","T8V",55.1709673754131,-118.795485840053,35773
"1423","T8W",55.1301169491525,-118.75334399435,14888
"1424","T8X",55.169343411215,-118.744416630841,12446
"1425","T9A",52.9725647160305,-113.375662664122,15451
"1426","T9C",53.4958686011905,-112.056149553571,6925
"1427","T9E",53.267808236616,-113.546928428288,27076
"1428","T9G",53.35637656917,-113.723864252964,6510
"1429","T9H",56.706018598773,-111.375786411043,27096
"1430","T9J",56.708351,-111.37418801,4535
"1431","T9K",56.7290424342984,-111.458098427617,32434
"1432","T9M",54.4341894904215,-110.213973781609,17417
"1433","T9N",54.254699615873,-110.765156047619,10821
"1434","T9S",54.6984161387283,-113.307103774566,7458
"1435","T9V",53.2755725587302,-110.026167687302,18951
"1436","T9W",52.8400085771429,-110.84563508,7714
"1437","T9X",53.3536247945946,-110.884920659459,5659
"1438","V0A",50.9340641333333,-116.6130572,13197
"1439","V0B",49.5527351917808,-115.845489876712,31610
"1440","V0C",56.9840537391304,-122.566451021739,27439
"1441","V0E",50.8354952654867,-119.384911513274,64561
"1442","V0G",49.6622222444444,-117.646722044444,25770
"1443","V0H",49.3545478860759,-119.25143856962,51870
"1444","V0J",54.7066636794872,-125.685289192308,53578
"1445","V0K",51.3182455862069,-121.384504241379,32533
"1446","V0L",51.9108379230769,-123.439570730769,4846
"1447","V0M",49.3532894054054,-122.210394783784,11207
"1448","V0N",49.7899428,-124.131422537931,76287
"1449","V0P",50.1651205,-125.33630384375,7029
"1450","V0R",49.0548596814159,-124.196506823009,63089
"1451","V0S",48.58414971875,-123.83589346875,268
"1452","V0T",53.2806104666667,-129.200640533333,8830
"1453","V0V",53.9282731481481,-129.458649296296,2202
"1454","V0W",59.57430275,-133.15298375,386
"1455","V0X",49.2553509038462,-120.880335134615,19974
"1456","V1A",49.6763622616633,-115.974879614604,7574
"1457","V1B",50.2464793290323,-119.238117774194,20468
"1458","V1C",49.5166403757039,-115.767318360418,24355
"1459","V1E",50.6912347160494,-119.277338720679,19133
"1460","V1G",55.7619313659731,-120.238563821297,14539
"1461","V1H",50.2385314067164,-119.369186100746,12423
"1462","V1J",56.2457073243243,-120.837795240064,23959
"1463","V1K",50.1181438986486,-120.789866310811,9772
"1464","V1L",49.4977135110544,-117.278588234694,16512
"1465","V1M",49.1700781873016,-122.604951920635,30664
"1466","V1N",49.3073268803763,-117.662985544355,12169
"1467","V1P",49.8834017985075,-119.31814938806,7088
"1468","V1R",49.0988785689655,-117.705271909814,9989
"1469","V1S",50.6307212931034,-120.391090375,10530
"1470","V1T",50.2638381131408,-119.272144288745,27120
"1471","V1V",49.9219675923261,-119.436702604317,18855
"1472","V1W",49.8325752623529,-119.473956148235,31679
"1473","V1X",49.895297076087,-119.392333099275,32197
"1474","V1Y",49.8813859746981,-119.478894139735,31344
"1475","V1Z",49.8865558411669,-119.5503443047,13381
"1476","V2A",49.4865186254802,-119.582924434699,36594
"1477","V2B",50.7093341452255,-120.373818702918,37512
"1478","V2C",50.6680659484979,-120.286603666094,22781
"1479","V2E",50.6356570676056,-120.343665957746,14076
"1480","V2G",52.1338437665094,-122.135539998821,18409
"1481","V2H",50.7242224157303,-120.290984780899,6066
"1482","V2J",52.9788832228571,-122.482327729796,23107
"1483","V2K",53.9780118308026,-122.787820996746,20478
"1484","V2L",53.9033182142857,-122.748051679104,9470
"1485","V2M",53.9213586234204,-122.794090577928,23054
"1486","V2N",53.8676360076857,-122.774047378309,30969
"1487","V2P",49.1720549599141,-121.94486665927,34689
"1488","V2R",49.1119279364929,-121.974793002844,44088
"1489","V2S",49.0477946789544,-122.284058510054,46674
"1490","V2T",49.0497356122449,-122.34102107483,52912
"1491","V2V",49.1491877183544,-122.304823352848,31985
"1492","V2W",49.1993564013605,-122.516463761905,16376
"1493","V2X",49.2199079873284,-122.611497631996,46460
"1494","V2Y",49.1300649664179,-122.645305895522,23950
"1495","V2Z",49.0621465751174,-122.600481286385,15090
"1496","V3A",49.0887931786815,-122.655155326556,40689
"1497","V3B",49.2770118864443,-122.767679934705,49852
"1498","V3C",49.2551432194016,-122.785400086129,37575
"1499","V3E",49.294750405,-122.785081513333,33970
"1500","V3G",49.0626193325635,-122.210506988453,23259
"1501","V3H",49.2871992877778,-122.854937607778,36534
"1502","V3J",49.2595179232506,-122.865683781038,39659
"1503","V3K",49.2407952642311,-122.855032919286,29992
"1504","V3L",49.2175237405063,-122.905399118143,25743
"1505","V3M",49.1995116184874,-122.933262068908,40183
"1506","V3N",49.2230822803398,-122.935267692961,37216
"1507","V3R",49.1901864148936,-122.806981331915,55219
"1508","V3S",49.1128583601673,-122.766673004182,105549
"1509","V3T",49.190182937564,-122.849021165814,33444
"1510","V3V",49.1800153731778,-122.871355358601,46707
"1511","V3W",49.1347850345369,-122.856458401884,89171
"1512","V3X",49.1120295746141,-122.855800950257,21830
"1513","V3Y",49.2231437265416,-122.688444176944,17982
"1514","V4A",49.0403103712256,-122.830904162818,36012
"1515","V4B",49.0262135081967,-122.802412784543,19339
"1516","V4C",49.154996798098,-122.908512209949,41812
"1517","V4E",49.1238254914894,-122.905012691489,12120
"1518","V4G",49.1351460175439,-122.993657745614,97
"1519","V4K",49.0914636245443,-123.073661769137,24439
"1520","V4L",49.0246029003115,-123.056023451713,7833
"1521","V4M",49.0196390632911,-123.080614099684,14287
"1522","V4N",49.1692656870915,-122.75278627451,68420
"1523","V4P",49.0543516499069,-122.80625183054,12143
"1524","V4R",49.232639870801,-122.559637950904,13221
"1525","V4S",49.1807676956522,-122.370040791304,6493
"1526","V4T",49.8376369481982,-119.639514117117,25267
"1527","V4V",50.040842436747,-119.456287253012,13701
"1528","V4W",49.0699721414634,-122.499700331707,19411
"1529","V4X",49.0740687742857,-122.399681237143,10917
"1530","V4Z",49.1229049714286,-121.859863857143,3924
"1531","V5A",49.264097867801,-122.94197464267,23803
"1532","V5B",49.2731058635762,-122.976898550993,22312
"1533","V5C",49.2760021852198,-123.007400594013,28373
"1534","V5E",49.2261709969605,-122.957140238602,26291
"1535","V5G",49.2477644519231,-122.999745237637,19205
"1536","V5H",49.2300244268126,-122.99822976197,35943
"1537","V5J",49.213523428066,-122.994860270047,20331
"1538","V5K",49.2790744340321,-123.041219545006,22545
"1539","V5L",49.2782085555556,-123.066402056209,18454
"1540","V5M",49.2608412956403,-123.074912870572,22729
"1541","V5N",49.2561309761647,-123.078876910076,33157
"1542","V5P",49.2245904439891,-123.079261065574,32082
"1543","V5R",49.2400944556701,-123.055038757732,45899
"1544","V5S",49.2198358148148,-123.045988119342,27736
"1545","V5T",49.2620236839827,-123.09767004329,21905
"1546","V5V",49.2493293072139,-123.096773879353,23132
"1547","V5W",49.2323846621622,-123.095756633446,19219
"1548","V5X",49.2166891202703,-123.098722472973,28509
"1549","V5Y",49.2523555948963,-123.108421848485,13160
"1550","V5Z",49.2519607936726,-123.117161518569,21413
"1551","V6A",49.2788340302572,-123.093460072617,17674
"1552","V6B",49.2789007336364,-123.112576690909,24814
"1553","V6C",49.2835645828343,-123.116277734531,1995
"1554","V6E",49.2852114647482,-123.124006002878,25385
"1555","V6G",49.2894726126316,-123.135081305263,25427
"1556","V6H",49.2572377817337,-123.123340034056,17046
"1557","V6J",49.260379119863,-123.139220517123,21206
"1558","V6K",49.2647855976096,-123.150511625498,25556
"1559","V6L",49.2495510245536,-123.153017205357,10833
"1560","V6M",49.2340223130564,-123.14108510089,16853
"1561","V6N",49.2346505053599,-123.173778232772,14290
"1562","V6P",49.2161178268893,-123.133691542179,30879
"1563","V6R",49.264720181311,-123.191898627615,18891
"1564","V6S",49.2507929671642,-123.18517758209,9854
"1565","V6T",49.2639403065015,-123.250381266254,12056
"1566","V6V",49.1861928359551,-123.052273458427,11210
"1567","V6W",49.1555381403509,-123.051946131579,1174
"1568","V6X",49.1836482334254,-123.118315140884,29146
"1569","V6Y",49.1585398908046,-123.130806659483,44769
"1570","V6Z",49.2779159883991,-123.124934902552,15979
"1571","V7A",49.1383652920673,-123.118835956731,26346
"1572","V7B",49.191643283871,-123.160130709677,787
"1573","V7C",49.1600443745963,-123.169697188375,39166
"1574","V7E",49.1346162620564,-123.173443132848,37873
"1575","V7G",49.3189819806094,-122.957044515235,11672
"1576","V7H",49.3175450454545,-122.996904593301,12418
"1577","V7J",49.32371,-123.034108609091,15823
"1578","V7K",49.343985391924,-123.039041078385,12317
"1579","V7L",49.316746189295,-123.064262330287,24620
"1580","V7M",49.3209430474383,-123.07854545351,18244
"1581","V7N",49.3404849925816,-123.073518338279,14860
"1582","V7P",49.3246172891344,-123.112163876611,11684
"1583","V7R",49.3485524084699,-123.09949623224,14955
"1584","V7S",49.3494557647059,-123.155477714597,10927
"1585","V7T",49.3317378601036,-123.145279440414,9129
"1586","V7V",49.3367634885906,-123.183618626846,14935
"1587","V7W",49.3580100792951,-123.26355715859,8626
"1588","V7X",49.2875491654676,-123.115900834532,5
"1589","V7Y",49.2790690833333,-123.118324619048,0
"1590","V8A",49.8425209490986,-124.520321054083,18021
"1591","V8B",49.7224093489933,-123.142760134228,9400
"1592","V8C",54.0607302218935,-128.645769893491,8335
"1593","V8G",54.5137886817714,-128.581319798146,18793
"1594","V8J",54.3111867270195,-130.309864785515,12620
"1595","V8K",48.8491830885417,-123.498305289063,10237
"1596","V8L",48.6470121140262,-123.416723180626,22800
"1597","V8M",48.581260375,-123.427569972222,15515
"1598","V8N",48.4760160769231,-123.315952180437,24192
"1599","V8P",48.458415359736,-123.33523749945,17612
"1600","V8R",48.4369615213442,-123.323372069936,22945
"1601","V8S",48.4183495041128,-123.326624764982,16710
"1602","V8T",48.4397994077892,-123.357210739977,18975
"1603","V8V",48.4189220853503,-123.363773024204,24260
"1604","V8W",48.4340269011299,-123.365011786723,4516
"1605","V8X",48.4708938382688,-123.36806102164,22240
"1606","V8Y",48.5198328942918,-123.372151748414,9906
"1607","V8Z",48.4815645793157,-123.396969881804,29370
"1608","V9A",48.4447380824903,-123.41779341323,35689
"1609","V9B",48.4555177154673,-123.494443650124,39182
"1610","V9C",48.4192634806867,-123.50597818598,20069
"1611","V9E",48.5276883987342,-123.439907056962,4965
"1612","V9G",49.0008984915966,-123.818675672269,14037
"1613","V9H",49.9463660160428,-125.207240272727,8302
"1614","V9J",49.7942681284916,-125.079732664804,8537
"1615","V9K",49.3483902277778,-124.471205958333,14922
"1616","V9L",48.7870806943973,-123.701266202037,33894
"1617","V9M",49.6844444379671,-124.925158446936,16707
"1618","V9N",49.6857755760423,-124.972696182619,28608
"1619","V9P",49.3128293115079,-124.293377363095,24175
"1620","V9R",49.1572239966805,-123.952947341079,26084
"1621","V9S",49.1864726054852,-123.965850882911,15728
"1622","V9T",49.2137476550218,-124.003552055022,30415
"1623","V9V",49.2314229187817,-124.029662883249,10534
"1624","V9W",50.0038897842586,-125.244784699227,27970
"1625","V9X",49.1050111295337,-123.885828487047,9751
"1626","V9Y",49.2500537554417,-124.8093991242,25628
"1627","V9Z",48.3824826882129,-123.721405802281,15614
"1628","X0A",68.8956826521739,-78.0785006521739,16939
"1629","X0B",68.3088702857143,-100.789516,6012
"1630","X0C",63.4994985714286,-90.7343788571429,8955
"1631","X0E",63.7572400862069,-119.437335568966,21194
"1632","X0G",60.254365,-123.421662,536
"1633","X1A",62.4457280184162,-114.37989939779,19732
"1634","Y0A",60.1200782,-130.1780046,1758
"1635","Y0B",62.2961473636364,-136.5244675,6538
"1636","Y1A",60.7298361266055,-135.081019955963,25601
